degrees,radius,position_y,image_id,orientation,contrast,filename,phase,position_x,spatial_frequency,image_file_name
12,0.25,0.5,0,0.0,1,0.png,0.0,0.5,1,dicarlo.Marques2020_orientation_000000000000.png
12,0.25,0.5,1,0.0,1,1.png,45.0,0.5,1,dicarlo.Marques2020_orientation_000000000001.png
12,0.25,0.5,2,0.0,1,2.png,90.0,0.5,1,dicarlo.Marques2020_orientation_000000000002.png
12,0.25,0.5,3,0.0,1,3.png,135.0,0.5,1,dicarlo.Marques2020_orientation_000000000003.png
12,0.25,0.5,4,0.0,1,4.png,180.0,0.5,1,dicarlo.Marques2020_orientation_000000000004.png
12,0.25,0.5,5,0.0,1,5.png,225.0,0.5,1,dicarlo.Marques2020_orientation_000000000005.png
12,0.25,0.5,6,0.0,1,6.png,270.0,0.5,1,dicarlo.Marques2020_orientation_000000000006.png
12,0.25,0.5,7,0.0,1,7.png,315.0,0.5,1,dicarlo.Marques2020_orientation_000000000007.png
12,0.25,0.5,8,15.0,1,8.png,0.0,0.5,1,dicarlo.Marques2020_orientation_000000000100.png
12,0.25,0.5,9,15.0,1,9.png,45.0,0.5,1,dicarlo.Marques2020_orientation_000000000101.png
12,0.25,0.5,10,15.0,1,10.png,90.0,0.5,1,dicarlo.Marques2020_orientation_000000000102.png
12,0.25,0.5,11,15.0,1,11.png,135.0,0.5,1,dicarlo.Marques2020_orientation_000000000103.png
12,0.25,0.5,12,15.0,1,12.png,180.0,0.5,1,dicarlo.Marques2020_orientation_000000000104.png
12,0.25,0.5,13,15.0,1,13.png,225.0,0.5,1,dicarlo.Marques2020_orientation_000000000105.png
12,0.25,0.5,14,15.0,1,14.png,270.0,0.5,1,dicarlo.Marques2020_orientation_000000000106.png
12,0.25,0.5,15,15.0,1,15.png,315.0,0.5,1,dicarlo.Marques2020_orientation_000000000107.png
12,0.25,0.5,16,30.0,1,16.png,0.0,0.5,1,dicarlo.Marques2020_orientation_000000000200.png
12,0.25,0.5,17,30.0,1,17.png,45.0,0.5,1,dicarlo.Marques2020_orientation_000000000201.png
12,0.25,0.5,18,30.0,1,18.png,90.0,0.5,1,dicarlo.Marques2020_orientation_000000000202.png
12,0.25,0.5,19,30.0,1,19.png,135.0,0.5,1,dicarlo.Marques2020_orientation_000000000203.png
12,0.25,0.5,20,30.0,1,20.png,180.0,0.5,1,dicarlo.Marques2020_orientation_000000000204.png
12,0.25,0.5,21,30.0,1,21.png,225.0,0.5,1,dicarlo.Marques2020_orientation_000000000205.png
12,0.25,0.5,22,30.0,1,22.png,270.0,0.5,1,dicarlo.Marques2020_orientation_000000000206.png
12,0.25,0.5,23,30.0,1,23.png,315.0,0.5,1,dicarlo.Marques2020_orientation_000000000207.png
12,0.25,0.5,24,45.0,1,24.png,0.0,0.5,1,dicarlo.Marques2020_orientation_000000000300.png
12,0.25,0.5,25,45.0,1,25.png,45.0,0.5,1,dicarlo.Marques2020_orientation_000000000301.png
12,0.25,0.5,26,45.0,1,26.png,90.0,0.5,1,dicarlo.Marques2020_orientation_000000000302.png
12,0.25,0.5,27,45.0,1,27.png,135.0,0.5,1,dicarlo.Marques2020_orientation_000000000303.png
12,0.25,0.5,28,45.0,1,28.png,180.0,0.5,1,dicarlo.Marques2020_orientation_000000000304.png
12,0.25,0.5,29,45.0,1,29.png,225.0,0.5,1,dicarlo.Marques2020_orientation_000000000305.png
12,0.25,0.5,30,45.0,1,30.png,270.0,0.5,1,dicarlo.Marques2020_orientation_000000000306.png
12,0.25,0.5,31,45.0,1,31.png,315.0,0.5,1,dicarlo.Marques2020_orientation_000000000307.png
12,0.25,0.5,32,60.0,1,32.png,0.0,0.5,1,dicarlo.Marques2020_orientation_000000000400.png
12,0.25,0.5,33,60.0,1,33.png,45.0,0.5,1,dicarlo.Marques2020_orientation_000000000401.png
12,0.25,0.5,34,60.0,1,34.png,90.0,0.5,1,dicarlo.Marques2020_orientation_000000000402.png
12,0.25,0.5,35,60.0,1,35.png,135.0,0.5,1,dicarlo.Marques2020_orientation_000000000403.png
12,0.25,0.5,36,60.0,1,36.png,180.0,0.5,1,dicarlo.Marques2020_orientation_000000000404.png
12,0.25,0.5,37,60.0,1,37.png,225.0,0.5,1,dicarlo.Marques2020_orientation_000000000405.png
12,0.25,0.5,38,60.0,1,38.png,270.0,0.5,1,dicarlo.Marques2020_orientation_000000000406.png
12,0.25,0.5,39,60.0,1,39.png,315.0,0.5,1,dicarlo.Marques2020_orientation_000000000407.png
12,0.25,0.5,40,75.0,1,40.png,0.0,0.5,1,dicarlo.Marques2020_orientation_000000000500.png
12,0.25,0.5,41,75.0,1,41.png,45.0,0.5,1,dicarlo.Marques2020_orientation_000000000501.png
12,0.25,0.5,42,75.0,1,42.png,90.0,0.5,1,dicarlo.Marques2020_orientation_000000000502.png
12,0.25,0.5,43,75.0,1,43.png,135.0,0.5,1,dicarlo.Marques2020_orientation_000000000503.png
12,0.25,0.5,44,75.0,1,44.png,180.0,0.5,1,dicarlo.Marques2020_orientation_000000000504.png
12,0.25,0.5,45,75.0,1,45.png,225.0,0.5,1,dicarlo.Marques2020_orientation_000000000505.png
12,0.25,0.5,46,75.0,1,46.png,270.0,0.5,1,dicarlo.Marques2020_orientation_000000000506.png
12,0.25,0.5,47,75.0,1,47.png,315.0,0.5,1,dicarlo.Marques2020_orientation_000000000507.png
12,0.25,0.5,48,90.0,1,48.png,0.0,0.5,1,dicarlo.Marques2020_orientation_000000000600.png
12,0.25,0.5,49,90.0,1,49.png,45.0,0.5,1,dicarlo.Marques2020_orientation_000000000601.png
12,0.25,0.5,50,90.0,1,50.png,90.0,0.5,1,dicarlo.Marques2020_orientation_000000000602.png
12,0.25,0.5,51,90.0,1,51.png,135.0,0.5,1,dicarlo.Marques2020_orientation_000000000603.png
12,0.25,0.5,52,90.0,1,52.png,180.0,0.5,1,dicarlo.Marques2020_orientation_000000000604.png
12,0.25,0.5,53,90.0,1,53.png,225.0,0.5,1,dicarlo.Marques2020_orientation_000000000605.png
12,0.25,0.5,54,90.0,1,54.png,270.0,0.5,1,dicarlo.Marques2020_orientation_000000000606.png
12,0.25,0.5,55,90.0,1,55.png,315.0,0.5,1,dicarlo.Marques2020_orientation_000000000607.png
12,0.25,0.5,56,105.0,1,56.png,0.0,0.5,1,dicarlo.Marques2020_orientation_000000000700.png
12,0.25,0.5,57,105.0,1,57.png,45.0,0.5,1,dicarlo.Marques2020_orientation_000000000701.png
12,0.25,0.5,58,105.0,1,58.png,90.0,0.5,1,dicarlo.Marques2020_orientation_000000000702.png
12,0.25,0.5,59,105.0,1,59.png,135.0,0.5,1,dicarlo.Marques2020_orientation_000000000703.png
12,0.25,0.5,60,105.0,1,60.png,180.0,0.5,1,dicarlo.Marques2020_orientation_000000000704.png
12,0.25,0.5,61,105.0,1,61.png,225.0,0.5,1,dicarlo.Marques2020_orientation_000000000705.png
12,0.25,0.5,62,105.0,1,62.png,270.0,0.5,1,dicarlo.Marques2020_orientation_000000000706.png
12,0.25,0.5,63,105.0,1,63.png,315.0,0.5,1,dicarlo.Marques2020_orientation_000000000707.png
12,0.25,0.5,64,120.0,1,64.png,0.0,0.5,1,dicarlo.Marques2020_orientation_000000000800.png
12,0.25,0.5,65,120.0,1,65.png,45.0,0.5,1,dicarlo.Marques2020_orientation_000000000801.png
12,0.25,0.5,66,120.0,1,66.png,90.0,0.5,1,dicarlo.Marques2020_orientation_000000000802.png
12,0.25,0.5,67,120.0,1,67.png,135.0,0.5,1,dicarlo.Marques2020_orientation_000000000803.png
12,0.25,0.5,68,120.0,1,68.png,180.0,0.5,1,dicarlo.Marques2020_orientation_000000000804.png
12,0.25,0.5,69,120.0,1,69.png,225.0,0.5,1,dicarlo.Marques2020_orientation_000000000805.png
12,0.25,0.5,70,120.0,1,70.png,270.0,0.5,1,dicarlo.Marques2020_orientation_000000000806.png
12,0.25,0.5,71,120.0,1,71.png,315.0,0.5,1,dicarlo.Marques2020_orientation_000000000807.png
12,0.25,0.5,72,135.0,1,72.png,0.0,0.5,1,dicarlo.Marques2020_orientation_000000000900.png
12,0.25,0.5,73,135.0,1,73.png,45.0,0.5,1,dicarlo.Marques2020_orientation_000000000901.png
12,0.25,0.5,74,135.0,1,74.png,90.0,0.5,1,dicarlo.Marques2020_orientation_000000000902.png
12,0.25,0.5,75,135.0,1,75.png,135.0,0.5,1,dicarlo.Marques2020_orientation_000000000903.png
12,0.25,0.5,76,135.0,1,76.png,180.0,0.5,1,dicarlo.Marques2020_orientation_000000000904.png
12,0.25,0.5,77,135.0,1,77.png,225.0,0.5,1,dicarlo.Marques2020_orientation_000000000905.png
12,0.25,0.5,78,135.0,1,78.png,270.0,0.5,1,dicarlo.Marques2020_orientation_000000000906.png
12,0.25,0.5,79,135.0,1,79.png,315.0,0.5,1,dicarlo.Marques2020_orientation_000000000907.png
12,0.25,0.5,80,150.0,1,80.png,0.0,0.5,1,dicarlo.Marques2020_orientation_000000001000.png
12,0.25,0.5,81,150.0,1,81.png,45.0,0.5,1,dicarlo.Marques2020_orientation_000000001001.png
12,0.25,0.5,82,150.0,1,82.png,90.0,0.5,1,dicarlo.Marques2020_orientation_000000001002.png
12,0.25,0.5,83,150.0,1,83.png,135.0,0.5,1,dicarlo.Marques2020_orientation_000000001003.png
12,0.25,0.5,84,150.0,1,84.png,180.0,0.5,1,dicarlo.Marques2020_orientation_000000001004.png
12,0.25,0.5,85,150.0,1,85.png,225.0,0.5,1,dicarlo.Marques2020_orientation_000000001005.png
12,0.25,0.5,86,150.0,1,86.png,270.0,0.5,1,dicarlo.Marques2020_orientation_000000001006.png
12,0.25,0.5,87,150.0,1,87.png,315.0,0.5,1,dicarlo.Marques2020_orientation_000000001007.png
12,0.25,0.5,88,165.0,1,88.png,0.0,0.5,1,dicarlo.Marques2020_orientation_000000001100.png
12,0.25,0.5,89,165.0,1,89.png,45.0,0.5,1,dicarlo.Marques2020_orientation_000000001101.png
12,0.25,0.5,90,165.0,1,90.png,90.0,0.5,1,dicarlo.Marques2020_orientation_000000001102.png
12,0.25,0.5,91,165.0,1,91.png,135.0,0.5,1,dicarlo.Marques2020_orientation_000000001103.png
12,0.25,0.5,92,165.0,1,92.png,180.0,0.5,1,dicarlo.Marques2020_orientation_000000001104.png
12,0.25,0.5,93,165.0,1,93.png,225.0,0.5,1,dicarlo.Marques2020_orientation_000000001105.png
12,0.25,0.5,94,165.0,1,94.png,270.0,0.5,1,dicarlo.Marques2020_orientation_000000001106.png
12,0.25,0.5,95,165.0,1,95.png,315.0,0.5,1,dicarlo.Marques2020_orientation_000000001107.png
12,0.25,0.5,96,0.0,1,96.png,0.0,0.5,2,dicarlo.Marques2020_orientation_000000010000.png
12,0.25,0.5,97,0.0,1,97.png,45.0,0.5,2,dicarlo.Marques2020_orientation_000000010001.png
12,0.25,0.5,98,0.0,1,98.png,90.0,0.5,2,dicarlo.Marques2020_orientation_000000010002.png
12,0.25,0.5,99,0.0,1,99.png,135.0,0.5,2,dicarlo.Marques2020_orientation_000000010003.png
12,0.25,0.5,100,0.0,1,100.png,180.0,0.5,2,dicarlo.Marques2020_orientation_000000010004.png
12,0.25,0.5,101,0.0,1,101.png,225.0,0.5,2,dicarlo.Marques2020_orientation_000000010005.png
12,0.25,0.5,102,0.0,1,102.png,270.0,0.5,2,dicarlo.Marques2020_orientation_000000010006.png
12,0.25,0.5,103,0.0,1,103.png,315.0,0.5,2,dicarlo.Marques2020_orientation_000000010007.png
12,0.25,0.5,104,15.0,1,104.png,0.0,0.5,2,dicarlo.Marques2020_orientation_000000010100.png
12,0.25,0.5,105,15.0,1,105.png,45.0,0.5,2,dicarlo.Marques2020_orientation_000000010101.png
12,0.25,0.5,106,15.0,1,106.png,90.0,0.5,2,dicarlo.Marques2020_orientation_000000010102.png
12,0.25,0.5,107,15.0,1,107.png,135.0,0.5,2,dicarlo.Marques2020_orientation_000000010103.png
12,0.25,0.5,108,15.0,1,108.png,180.0,0.5,2,dicarlo.Marques2020_orientation_000000010104.png
12,0.25,0.5,109,15.0,1,109.png,225.0,0.5,2,dicarlo.Marques2020_orientation_000000010105.png
12,0.25,0.5,110,15.0,1,110.png,270.0,0.5,2,dicarlo.Marques2020_orientation_000000010106.png
12,0.25,0.5,111,15.0,1,111.png,315.0,0.5,2,dicarlo.Marques2020_orientation_000000010107.png
12,0.25,0.5,112,30.0,1,112.png,0.0,0.5,2,dicarlo.Marques2020_orientation_000000010200.png
12,0.25,0.5,113,30.0,1,113.png,45.0,0.5,2,dicarlo.Marques2020_orientation_000000010201.png
12,0.25,0.5,114,30.0,1,114.png,90.0,0.5,2,dicarlo.Marques2020_orientation_000000010202.png
12,0.25,0.5,115,30.0,1,115.png,135.0,0.5,2,dicarlo.Marques2020_orientation_000000010203.png
12,0.25,0.5,116,30.0,1,116.png,180.0,0.5,2,dicarlo.Marques2020_orientation_000000010204.png
12,0.25,0.5,117,30.0,1,117.png,225.0,0.5,2,dicarlo.Marques2020_orientation_000000010205.png
12,0.25,0.5,118,30.0,1,118.png,270.0,0.5,2,dicarlo.Marques2020_orientation_000000010206.png
12,0.25,0.5,119,30.0,1,119.png,315.0,0.5,2,dicarlo.Marques2020_orientation_000000010207.png
12,0.25,0.5,120,45.0,1,120.png,0.0,0.5,2,dicarlo.Marques2020_orientation_000000010300.png
12,0.25,0.5,121,45.0,1,121.png,45.0,0.5,2,dicarlo.Marques2020_orientation_000000010301.png
12,0.25,0.5,122,45.0,1,122.png,90.0,0.5,2,dicarlo.Marques2020_orientation_000000010302.png
12,0.25,0.5,123,45.0,1,123.png,135.0,0.5,2,dicarlo.Marques2020_orientation_000000010303.png
12,0.25,0.5,124,45.0,1,124.png,180.0,0.5,2,dicarlo.Marques2020_orientation_000000010304.png
12,0.25,0.5,125,45.0,1,125.png,225.0,0.5,2,dicarlo.Marques2020_orientation_000000010305.png
12,0.25,0.5,126,45.0,1,126.png,270.0,0.5,2,dicarlo.Marques2020_orientation_000000010306.png
12,0.25,0.5,127,45.0,1,127.png,315.0,0.5,2,dicarlo.Marques2020_orientation_000000010307.png
12,0.25,0.5,128,60.0,1,128.png,0.0,0.5,2,dicarlo.Marques2020_orientation_000000010400.png
12,0.25,0.5,129,60.0,1,129.png,45.0,0.5,2,dicarlo.Marques2020_orientation_000000010401.png
12,0.25,0.5,130,60.0,1,130.png,90.0,0.5,2,dicarlo.Marques2020_orientation_000000010402.png
12,0.25,0.5,131,60.0,1,131.png,135.0,0.5,2,dicarlo.Marques2020_orientation_000000010403.png
12,0.25,0.5,132,60.0,1,132.png,180.0,0.5,2,dicarlo.Marques2020_orientation_000000010404.png
12,0.25,0.5,133,60.0,1,133.png,225.0,0.5,2,dicarlo.Marques2020_orientation_000000010405.png
12,0.25,0.5,134,60.0,1,134.png,270.0,0.5,2,dicarlo.Marques2020_orientation_000000010406.png
12,0.25,0.5,135,60.0,1,135.png,315.0,0.5,2,dicarlo.Marques2020_orientation_000000010407.png
12,0.25,0.5,136,75.0,1,136.png,0.0,0.5,2,dicarlo.Marques2020_orientation_000000010500.png
12,0.25,0.5,137,75.0,1,137.png,45.0,0.5,2,dicarlo.Marques2020_orientation_000000010501.png
12,0.25,0.5,138,75.0,1,138.png,90.0,0.5,2,dicarlo.Marques2020_orientation_000000010502.png
12,0.25,0.5,139,75.0,1,139.png,135.0,0.5,2,dicarlo.Marques2020_orientation_000000010503.png
12,0.25,0.5,140,75.0,1,140.png,180.0,0.5,2,dicarlo.Marques2020_orientation_000000010504.png
12,0.25,0.5,141,75.0,1,141.png,225.0,0.5,2,dicarlo.Marques2020_orientation_000000010505.png
12,0.25,0.5,142,75.0,1,142.png,270.0,0.5,2,dicarlo.Marques2020_orientation_000000010506.png
12,0.25,0.5,143,75.0,1,143.png,315.0,0.5,2,dicarlo.Marques2020_orientation_000000010507.png
12,0.25,0.5,144,90.0,1,144.png,0.0,0.5,2,dicarlo.Marques2020_orientation_000000010600.png
12,0.25,0.5,145,90.0,1,145.png,45.0,0.5,2,dicarlo.Marques2020_orientation_000000010601.png
12,0.25,0.5,146,90.0,1,146.png,90.0,0.5,2,dicarlo.Marques2020_orientation_000000010602.png
12,0.25,0.5,147,90.0,1,147.png,135.0,0.5,2,dicarlo.Marques2020_orientation_000000010603.png
12,0.25,0.5,148,90.0,1,148.png,180.0,0.5,2,dicarlo.Marques2020_orientation_000000010604.png
12,0.25,0.5,149,90.0,1,149.png,225.0,0.5,2,dicarlo.Marques2020_orientation_000000010605.png
12,0.25,0.5,150,90.0,1,150.png,270.0,0.5,2,dicarlo.Marques2020_orientation_000000010606.png
12,0.25,0.5,151,90.0,1,151.png,315.0,0.5,2,dicarlo.Marques2020_orientation_000000010607.png
12,0.25,0.5,152,105.0,1,152.png,0.0,0.5,2,dicarlo.Marques2020_orientation_000000010700.png
12,0.25,0.5,153,105.0,1,153.png,45.0,0.5,2,dicarlo.Marques2020_orientation_000000010701.png
12,0.25,0.5,154,105.0,1,154.png,90.0,0.5,2,dicarlo.Marques2020_orientation_000000010702.png
12,0.25,0.5,155,105.0,1,155.png,135.0,0.5,2,dicarlo.Marques2020_orientation_000000010703.png
12,0.25,0.5,156,105.0,1,156.png,180.0,0.5,2,dicarlo.Marques2020_orientation_000000010704.png
12,0.25,0.5,157,105.0,1,157.png,225.0,0.5,2,dicarlo.Marques2020_orientation_000000010705.png
12,0.25,0.5,158,105.0,1,158.png,270.0,0.5,2,dicarlo.Marques2020_orientation_000000010706.png
12,0.25,0.5,159,105.0,1,159.png,315.0,0.5,2,dicarlo.Marques2020_orientation_000000010707.png
12,0.25,0.5,160,120.0,1,160.png,0.0,0.5,2,dicarlo.Marques2020_orientation_000000010800.png
12,0.25,0.5,161,120.0,1,161.png,45.0,0.5,2,dicarlo.Marques2020_orientation_000000010801.png
12,0.25,0.5,162,120.0,1,162.png,90.0,0.5,2,dicarlo.Marques2020_orientation_000000010802.png
12,0.25,0.5,163,120.0,1,163.png,135.0,0.5,2,dicarlo.Marques2020_orientation_000000010803.png
12,0.25,0.5,164,120.0,1,164.png,180.0,0.5,2,dicarlo.Marques2020_orientation_000000010804.png
12,0.25,0.5,165,120.0,1,165.png,225.0,0.5,2,dicarlo.Marques2020_orientation_000000010805.png
12,0.25,0.5,166,120.0,1,166.png,270.0,0.5,2,dicarlo.Marques2020_orientation_000000010806.png
12,0.25,0.5,167,120.0,1,167.png,315.0,0.5,2,dicarlo.Marques2020_orientation_000000010807.png
12,0.25,0.5,168,135.0,1,168.png,0.0,0.5,2,dicarlo.Marques2020_orientation_000000010900.png
12,0.25,0.5,169,135.0,1,169.png,45.0,0.5,2,dicarlo.Marques2020_orientation_000000010901.png
12,0.25,0.5,170,135.0,1,170.png,90.0,0.5,2,dicarlo.Marques2020_orientation_000000010902.png
12,0.25,0.5,171,135.0,1,171.png,135.0,0.5,2,dicarlo.Marques2020_orientation_000000010903.png
12,0.25,0.5,172,135.0,1,172.png,180.0,0.5,2,dicarlo.Marques2020_orientation_000000010904.png
12,0.25,0.5,173,135.0,1,173.png,225.0,0.5,2,dicarlo.Marques2020_orientation_000000010905.png
12,0.25,0.5,174,135.0,1,174.png,270.0,0.5,2,dicarlo.Marques2020_orientation_000000010906.png
12,0.25,0.5,175,135.0,1,175.png,315.0,0.5,2,dicarlo.Marques2020_orientation_000000010907.png
12,0.25,0.5,176,150.0,1,176.png,0.0,0.5,2,dicarlo.Marques2020_orientation_000000011000.png
12,0.25,0.5,177,150.0,1,177.png,45.0,0.5,2,dicarlo.Marques2020_orientation_000000011001.png
12,0.25,0.5,178,150.0,1,178.png,90.0,0.5,2,dicarlo.Marques2020_orientation_000000011002.png
12,0.25,0.5,179,150.0,1,179.png,135.0,0.5,2,dicarlo.Marques2020_orientation_000000011003.png
12,0.25,0.5,180,150.0,1,180.png,180.0,0.5,2,dicarlo.Marques2020_orientation_000000011004.png
12,0.25,0.5,181,150.0,1,181.png,225.0,0.5,2,dicarlo.Marques2020_orientation_000000011005.png
12,0.25,0.5,182,150.0,1,182.png,270.0,0.5,2,dicarlo.Marques2020_orientation_000000011006.png
12,0.25,0.5,183,150.0,1,183.png,315.0,0.5,2,dicarlo.Marques2020_orientation_000000011007.png
12,0.25,0.5,184,165.0,1,184.png,0.0,0.5,2,dicarlo.Marques2020_orientation_000000011100.png
12,0.25,0.5,185,165.0,1,185.png,45.0,0.5,2,dicarlo.Marques2020_orientation_000000011101.png
12,0.25,0.5,186,165.0,1,186.png,90.0,0.5,2,dicarlo.Marques2020_orientation_000000011102.png
12,0.25,0.5,187,165.0,1,187.png,135.0,0.5,2,dicarlo.Marques2020_orientation_000000011103.png
12,0.25,0.5,188,165.0,1,188.png,180.0,0.5,2,dicarlo.Marques2020_orientation_000000011104.png
12,0.25,0.5,189,165.0,1,189.png,225.0,0.5,2,dicarlo.Marques2020_orientation_000000011105.png
12,0.25,0.5,190,165.0,1,190.png,270.0,0.5,2,dicarlo.Marques2020_orientation_000000011106.png
12,0.25,0.5,191,165.0,1,191.png,315.0,0.5,2,dicarlo.Marques2020_orientation_000000011107.png
12,0.25,0.5,192,0.0,1,192.png,0.0,0.5,4,dicarlo.Marques2020_orientation_000000020000.png
12,0.25,0.5,193,0.0,1,193.png,45.0,0.5,4,dicarlo.Marques2020_orientation_000000020001.png
12,0.25,0.5,194,0.0,1,194.png,90.0,0.5,4,dicarlo.Marques2020_orientation_000000020002.png
12,0.25,0.5,195,0.0,1,195.png,135.0,0.5,4,dicarlo.Marques2020_orientation_000000020003.png
12,0.25,0.5,196,0.0,1,196.png,180.0,0.5,4,dicarlo.Marques2020_orientation_000000020004.png
12,0.25,0.5,197,0.0,1,197.png,225.0,0.5,4,dicarlo.Marques2020_orientation_000000020005.png
12,0.25,0.5,198,0.0,1,198.png,270.0,0.5,4,dicarlo.Marques2020_orientation_000000020006.png
12,0.25,0.5,199,0.0,1,199.png,315.0,0.5,4,dicarlo.Marques2020_orientation_000000020007.png
12,0.25,0.5,200,15.0,1,200.png,0.0,0.5,4,dicarlo.Marques2020_orientation_000000020100.png
12,0.25,0.5,201,15.0,1,201.png,45.0,0.5,4,dicarlo.Marques2020_orientation_000000020101.png
12,0.25,0.5,202,15.0,1,202.png,90.0,0.5,4,dicarlo.Marques2020_orientation_000000020102.png
12,0.25,0.5,203,15.0,1,203.png,135.0,0.5,4,dicarlo.Marques2020_orientation_000000020103.png
12,0.25,0.5,204,15.0,1,204.png,180.0,0.5,4,dicarlo.Marques2020_orientation_000000020104.png
12,0.25,0.5,205,15.0,1,205.png,225.0,0.5,4,dicarlo.Marques2020_orientation_000000020105.png
12,0.25,0.5,206,15.0,1,206.png,270.0,0.5,4,dicarlo.Marques2020_orientation_000000020106.png
12,0.25,0.5,207,15.0,1,207.png,315.0,0.5,4,dicarlo.Marques2020_orientation_000000020107.png
12,0.25,0.5,208,30.0,1,208.png,0.0,0.5,4,dicarlo.Marques2020_orientation_000000020200.png
12,0.25,0.5,209,30.0,1,209.png,45.0,0.5,4,dicarlo.Marques2020_orientation_000000020201.png
12,0.25,0.5,210,30.0,1,210.png,90.0,0.5,4,dicarlo.Marques2020_orientation_000000020202.png
12,0.25,0.5,211,30.0,1,211.png,135.0,0.5,4,dicarlo.Marques2020_orientation_000000020203.png
12,0.25,0.5,212,30.0,1,212.png,180.0,0.5,4,dicarlo.Marques2020_orientation_000000020204.png
12,0.25,0.5,213,30.0,1,213.png,225.0,0.5,4,dicarlo.Marques2020_orientation_000000020205.png
12,0.25,0.5,214,30.0,1,214.png,270.0,0.5,4,dicarlo.Marques2020_orientation_000000020206.png
12,0.25,0.5,215,30.0,1,215.png,315.0,0.5,4,dicarlo.Marques2020_orientation_000000020207.png
12,0.25,0.5,216,45.0,1,216.png,0.0,0.5,4,dicarlo.Marques2020_orientation_000000020300.png
12,0.25,0.5,217,45.0,1,217.png,45.0,0.5,4,dicarlo.Marques2020_orientation_000000020301.png
12,0.25,0.5,218,45.0,1,218.png,90.0,0.5,4,dicarlo.Marques2020_orientation_000000020302.png
12,0.25,0.5,219,45.0,1,219.png,135.0,0.5,4,dicarlo.Marques2020_orientation_000000020303.png
12,0.25,0.5,220,45.0,1,220.png,180.0,0.5,4,dicarlo.Marques2020_orientation_000000020304.png
12,0.25,0.5,221,45.0,1,221.png,225.0,0.5,4,dicarlo.Marques2020_orientation_000000020305.png
12,0.25,0.5,222,45.0,1,222.png,270.0,0.5,4,dicarlo.Marques2020_orientation_000000020306.png
12,0.25,0.5,223,45.0,1,223.png,315.0,0.5,4,dicarlo.Marques2020_orientation_000000020307.png
12,0.25,0.5,224,60.0,1,224.png,0.0,0.5,4,dicarlo.Marques2020_orientation_000000020400.png
12,0.25,0.5,225,60.0,1,225.png,45.0,0.5,4,dicarlo.Marques2020_orientation_000000020401.png
12,0.25,0.5,226,60.0,1,226.png,90.0,0.5,4,dicarlo.Marques2020_orientation_000000020402.png
12,0.25,0.5,227,60.0,1,227.png,135.0,0.5,4,dicarlo.Marques2020_orientation_000000020403.png
12,0.25,0.5,228,60.0,1,228.png,180.0,0.5,4,dicarlo.Marques2020_orientation_000000020404.png
12,0.25,0.5,229,60.0,1,229.png,225.0,0.5,4,dicarlo.Marques2020_orientation_000000020405.png
12,0.25,0.5,230,60.0,1,230.png,270.0,0.5,4,dicarlo.Marques2020_orientation_000000020406.png
12,0.25,0.5,231,60.0,1,231.png,315.0,0.5,4,dicarlo.Marques2020_orientation_000000020407.png
12,0.25,0.5,232,75.0,1,232.png,0.0,0.5,4,dicarlo.Marques2020_orientation_000000020500.png
12,0.25,0.5,233,75.0,1,233.png,45.0,0.5,4,dicarlo.Marques2020_orientation_000000020501.png
12,0.25,0.5,234,75.0,1,234.png,90.0,0.5,4,dicarlo.Marques2020_orientation_000000020502.png
12,0.25,0.5,235,75.0,1,235.png,135.0,0.5,4,dicarlo.Marques2020_orientation_000000020503.png
12,0.25,0.5,236,75.0,1,236.png,180.0,0.5,4,dicarlo.Marques2020_orientation_000000020504.png
12,0.25,0.5,237,75.0,1,237.png,225.0,0.5,4,dicarlo.Marques2020_orientation_000000020505.png
12,0.25,0.5,238,75.0,1,238.png,270.0,0.5,4,dicarlo.Marques2020_orientation_000000020506.png
12,0.25,0.5,239,75.0,1,239.png,315.0,0.5,4,dicarlo.Marques2020_orientation_000000020507.png
12,0.25,0.5,240,90.0,1,240.png,0.0,0.5,4,dicarlo.Marques2020_orientation_000000020600.png
12,0.25,0.5,241,90.0,1,241.png,45.0,0.5,4,dicarlo.Marques2020_orientation_000000020601.png
12,0.25,0.5,242,90.0,1,242.png,90.0,0.5,4,dicarlo.Marques2020_orientation_000000020602.png
12,0.25,0.5,243,90.0,1,243.png,135.0,0.5,4,dicarlo.Marques2020_orientation_000000020603.png
12,0.25,0.5,244,90.0,1,244.png,180.0,0.5,4,dicarlo.Marques2020_orientation_000000020604.png
12,0.25,0.5,245,90.0,1,245.png,225.0,0.5,4,dicarlo.Marques2020_orientation_000000020605.png
12,0.25,0.5,246,90.0,1,246.png,270.0,0.5,4,dicarlo.Marques2020_orientation_000000020606.png
12,0.25,0.5,247,90.0,1,247.png,315.0,0.5,4,dicarlo.Marques2020_orientation_000000020607.png
12,0.25,0.5,248,105.0,1,248.png,0.0,0.5,4,dicarlo.Marques2020_orientation_000000020700.png
12,0.25,0.5,249,105.0,1,249.png,45.0,0.5,4,dicarlo.Marques2020_orientation_000000020701.png
12,0.25,0.5,250,105.0,1,250.png,90.0,0.5,4,dicarlo.Marques2020_orientation_000000020702.png
12,0.25,0.5,251,105.0,1,251.png,135.0,0.5,4,dicarlo.Marques2020_orientation_000000020703.png
12,0.25,0.5,252,105.0,1,252.png,180.0,0.5,4,dicarlo.Marques2020_orientation_000000020704.png
12,0.25,0.5,253,105.0,1,253.png,225.0,0.5,4,dicarlo.Marques2020_orientation_000000020705.png
12,0.25,0.5,254,105.0,1,254.png,270.0,0.5,4,dicarlo.Marques2020_orientation_000000020706.png
12,0.25,0.5,255,105.0,1,255.png,315.0,0.5,4,dicarlo.Marques2020_orientation_000000020707.png
12,0.25,0.5,256,120.0,1,256.png,0.0,0.5,4,dicarlo.Marques2020_orientation_000000020800.png
12,0.25,0.5,257,120.0,1,257.png,45.0,0.5,4,dicarlo.Marques2020_orientation_000000020801.png
12,0.25,0.5,258,120.0,1,258.png,90.0,0.5,4,dicarlo.Marques2020_orientation_000000020802.png
12,0.25,0.5,259,120.0,1,259.png,135.0,0.5,4,dicarlo.Marques2020_orientation_000000020803.png
12,0.25,0.5,260,120.0,1,260.png,180.0,0.5,4,dicarlo.Marques2020_orientation_000000020804.png
12,0.25,0.5,261,120.0,1,261.png,225.0,0.5,4,dicarlo.Marques2020_orientation_000000020805.png
12,0.25,0.5,262,120.0,1,262.png,270.0,0.5,4,dicarlo.Marques2020_orientation_000000020806.png
12,0.25,0.5,263,120.0,1,263.png,315.0,0.5,4,dicarlo.Marques2020_orientation_000000020807.png
12,0.25,0.5,264,135.0,1,264.png,0.0,0.5,4,dicarlo.Marques2020_orientation_000000020900.png
12,0.25,0.5,265,135.0,1,265.png,45.0,0.5,4,dicarlo.Marques2020_orientation_000000020901.png
12,0.25,0.5,266,135.0,1,266.png,90.0,0.5,4,dicarlo.Marques2020_orientation_000000020902.png
12,0.25,0.5,267,135.0,1,267.png,135.0,0.5,4,dicarlo.Marques2020_orientation_000000020903.png
12,0.25,0.5,268,135.0,1,268.png,180.0,0.5,4,dicarlo.Marques2020_orientation_000000020904.png
12,0.25,0.5,269,135.0,1,269.png,225.0,0.5,4,dicarlo.Marques2020_orientation_000000020905.png
12,0.25,0.5,270,135.0,1,270.png,270.0,0.5,4,dicarlo.Marques2020_orientation_000000020906.png
12,0.25,0.5,271,135.0,1,271.png,315.0,0.5,4,dicarlo.Marques2020_orientation_000000020907.png
12,0.25,0.5,272,150.0,1,272.png,0.0,0.5,4,dicarlo.Marques2020_orientation_000000021000.png
12,0.25,0.5,273,150.0,1,273.png,45.0,0.5,4,dicarlo.Marques2020_orientation_000000021001.png
12,0.25,0.5,274,150.0,1,274.png,90.0,0.5,4,dicarlo.Marques2020_orientation_000000021002.png
12,0.25,0.5,275,150.0,1,275.png,135.0,0.5,4,dicarlo.Marques2020_orientation_000000021003.png
12,0.25,0.5,276,150.0,1,276.png,180.0,0.5,4,dicarlo.Marques2020_orientation_000000021004.png
12,0.25,0.5,277,150.0,1,277.png,225.0,0.5,4,dicarlo.Marques2020_orientation_000000021005.png
12,0.25,0.5,278,150.0,1,278.png,270.0,0.5,4,dicarlo.Marques2020_orientation_000000021006.png
12,0.25,0.5,279,150.0,1,279.png,315.0,0.5,4,dicarlo.Marques2020_orientation_000000021007.png
12,0.25,0.5,280,165.0,1,280.png,0.0,0.5,4,dicarlo.Marques2020_orientation_000000021100.png
12,0.25,0.5,281,165.0,1,281.png,45.0,0.5,4,dicarlo.Marques2020_orientation_000000021101.png
12,0.25,0.5,282,165.0,1,282.png,90.0,0.5,4,dicarlo.Marques2020_orientation_000000021102.png
12,0.25,0.5,283,165.0,1,283.png,135.0,0.5,4,dicarlo.Marques2020_orientation_000000021103.png
12,0.25,0.5,284,165.0,1,284.png,180.0,0.5,4,dicarlo.Marques2020_orientation_000000021104.png
12,0.25,0.5,285,165.0,1,285.png,225.0,0.5,4,dicarlo.Marques2020_orientation_000000021105.png
12,0.25,0.5,286,165.0,1,286.png,270.0,0.5,4,dicarlo.Marques2020_orientation_000000021106.png
12,0.25,0.5,287,165.0,1,287.png,315.0,0.5,4,dicarlo.Marques2020_orientation_000000021107.png
12,0.5,0.5,288,0.0,1,288.png,0.0,0.5,1,dicarlo.Marques2020_orientation_000001000000.png
12,0.5,0.5,289,0.0,1,289.png,45.0,0.5,1,dicarlo.Marques2020_orientation_000001000001.png
12,0.5,0.5,290,0.0,1,290.png,90.0,0.5,1,dicarlo.Marques2020_orientation_000001000002.png
12,0.5,0.5,291,0.0,1,291.png,135.0,0.5,1,dicarlo.Marques2020_orientation_000001000003.png
12,0.5,0.5,292,0.0,1,292.png,180.0,0.5,1,dicarlo.Marques2020_orientation_000001000004.png
12,0.5,0.5,293,0.0,1,293.png,225.0,0.5,1,dicarlo.Marques2020_orientation_000001000005.png
12,0.5,0.5,294,0.0,1,294.png,270.0,0.5,1,dicarlo.Marques2020_orientation_000001000006.png
12,0.5,0.5,295,0.0,1,295.png,315.0,0.5,1,dicarlo.Marques2020_orientation_000001000007.png
12,0.5,0.5,296,15.0,1,296.png,0.0,0.5,1,dicarlo.Marques2020_orientation_000001000100.png
12,0.5,0.5,297,15.0,1,297.png,45.0,0.5,1,dicarlo.Marques2020_orientation_000001000101.png
12,0.5,0.5,298,15.0,1,298.png,90.0,0.5,1,dicarlo.Marques2020_orientation_000001000102.png
12,0.5,0.5,299,15.0,1,299.png,135.0,0.5,1,dicarlo.Marques2020_orientation_000001000103.png
12,0.5,0.5,300,15.0,1,300.png,180.0,0.5,1,dicarlo.Marques2020_orientation_000001000104.png
12,0.5,0.5,301,15.0,1,301.png,225.0,0.5,1,dicarlo.Marques2020_orientation_000001000105.png
12,0.5,0.5,302,15.0,1,302.png,270.0,0.5,1,dicarlo.Marques2020_orientation_000001000106.png
12,0.5,0.5,303,15.0,1,303.png,315.0,0.5,1,dicarlo.Marques2020_orientation_000001000107.png
12,0.5,0.5,304,30.0,1,304.png,0.0,0.5,1,dicarlo.Marques2020_orientation_000001000200.png
12,0.5,0.5,305,30.0,1,305.png,45.0,0.5,1,dicarlo.Marques2020_orientation_000001000201.png
12,0.5,0.5,306,30.0,1,306.png,90.0,0.5,1,dicarlo.Marques2020_orientation_000001000202.png
12,0.5,0.5,307,30.0,1,307.png,135.0,0.5,1,dicarlo.Marques2020_orientation_000001000203.png
12,0.5,0.5,308,30.0,1,308.png,180.0,0.5,1,dicarlo.Marques2020_orientation_000001000204.png
12,0.5,0.5,309,30.0,1,309.png,225.0,0.5,1,dicarlo.Marques2020_orientation_000001000205.png
12,0.5,0.5,310,30.0,1,310.png,270.0,0.5,1,dicarlo.Marques2020_orientation_000001000206.png
12,0.5,0.5,311,30.0,1,311.png,315.0,0.5,1,dicarlo.Marques2020_orientation_000001000207.png
12,0.5,0.5,312,45.0,1,312.png,0.0,0.5,1,dicarlo.Marques2020_orientation_000001000300.png
12,0.5,0.5,313,45.0,1,313.png,45.0,0.5,1,dicarlo.Marques2020_orientation_000001000301.png
12,0.5,0.5,314,45.0,1,314.png,90.0,0.5,1,dicarlo.Marques2020_orientation_000001000302.png
12,0.5,0.5,315,45.0,1,315.png,135.0,0.5,1,dicarlo.Marques2020_orientation_000001000303.png
12,0.5,0.5,316,45.0,1,316.png,180.0,0.5,1,dicarlo.Marques2020_orientation_000001000304.png
12,0.5,0.5,317,45.0,1,317.png,225.0,0.5,1,dicarlo.Marques2020_orientation_000001000305.png
12,0.5,0.5,318,45.0,1,318.png,270.0,0.5,1,dicarlo.Marques2020_orientation_000001000306.png
12,0.5,0.5,319,45.0,1,319.png,315.0,0.5,1,dicarlo.Marques2020_orientation_000001000307.png
12,0.5,0.5,320,60.0,1,320.png,0.0,0.5,1,dicarlo.Marques2020_orientation_000001000400.png
12,0.5,0.5,321,60.0,1,321.png,45.0,0.5,1,dicarlo.Marques2020_orientation_000001000401.png
12,0.5,0.5,322,60.0,1,322.png,90.0,0.5,1,dicarlo.Marques2020_orientation_000001000402.png
12,0.5,0.5,323,60.0,1,323.png,135.0,0.5,1,dicarlo.Marques2020_orientation_000001000403.png
12,0.5,0.5,324,60.0,1,324.png,180.0,0.5,1,dicarlo.Marques2020_orientation_000001000404.png
12,0.5,0.5,325,60.0,1,325.png,225.0,0.5,1,dicarlo.Marques2020_orientation_000001000405.png
12,0.5,0.5,326,60.0,1,326.png,270.0,0.5,1,dicarlo.Marques2020_orientation_000001000406.png
12,0.5,0.5,327,60.0,1,327.png,315.0,0.5,1,dicarlo.Marques2020_orientation_000001000407.png
12,0.5,0.5,328,75.0,1,328.png,0.0,0.5,1,dicarlo.Marques2020_orientation_000001000500.png
12,0.5,0.5,329,75.0,1,329.png,45.0,0.5,1,dicarlo.Marques2020_orientation_000001000501.png
12,0.5,0.5,330,75.0,1,330.png,90.0,0.5,1,dicarlo.Marques2020_orientation_000001000502.png
12,0.5,0.5,331,75.0,1,331.png,135.0,0.5,1,dicarlo.Marques2020_orientation_000001000503.png
12,0.5,0.5,332,75.0,1,332.png,180.0,0.5,1,dicarlo.Marques2020_orientation_000001000504.png
12,0.5,0.5,333,75.0,1,333.png,225.0,0.5,1,dicarlo.Marques2020_orientation_000001000505.png
12,0.5,0.5,334,75.0,1,334.png,270.0,0.5,1,dicarlo.Marques2020_orientation_000001000506.png
12,0.5,0.5,335,75.0,1,335.png,315.0,0.5,1,dicarlo.Marques2020_orientation_000001000507.png
12,0.5,0.5,336,90.0,1,336.png,0.0,0.5,1,dicarlo.Marques2020_orientation_000001000600.png
12,0.5,0.5,337,90.0,1,337.png,45.0,0.5,1,dicarlo.Marques2020_orientation_000001000601.png
12,0.5,0.5,338,90.0,1,338.png,90.0,0.5,1,dicarlo.Marques2020_orientation_000001000602.png
12,0.5,0.5,339,90.0,1,339.png,135.0,0.5,1,dicarlo.Marques2020_orientation_000001000603.png
12,0.5,0.5,340,90.0,1,340.png,180.0,0.5,1,dicarlo.Marques2020_orientation_000001000604.png
12,0.5,0.5,341,90.0,1,341.png,225.0,0.5,1,dicarlo.Marques2020_orientation_000001000605.png
12,0.5,0.5,342,90.0,1,342.png,270.0,0.5,1,dicarlo.Marques2020_orientation_000001000606.png
12,0.5,0.5,343,90.0,1,343.png,315.0,0.5,1,dicarlo.Marques2020_orientation_000001000607.png
12,0.5,0.5,344,105.0,1,344.png,0.0,0.5,1,dicarlo.Marques2020_orientation_000001000700.png
12,0.5,0.5,345,105.0,1,345.png,45.0,0.5,1,dicarlo.Marques2020_orientation_000001000701.png
12,0.5,0.5,346,105.0,1,346.png,90.0,0.5,1,dicarlo.Marques2020_orientation_000001000702.png
12,0.5,0.5,347,105.0,1,347.png,135.0,0.5,1,dicarlo.Marques2020_orientation_000001000703.png
12,0.5,0.5,348,105.0,1,348.png,180.0,0.5,1,dicarlo.Marques2020_orientation_000001000704.png
12,0.5,0.5,349,105.0,1,349.png,225.0,0.5,1,dicarlo.Marques2020_orientation_000001000705.png
12,0.5,0.5,350,105.0,1,350.png,270.0,0.5,1,dicarlo.Marques2020_orientation_000001000706.png
12,0.5,0.5,351,105.0,1,351.png,315.0,0.5,1,dicarlo.Marques2020_orientation_000001000707.png
12,0.5,0.5,352,120.0,1,352.png,0.0,0.5,1,dicarlo.Marques2020_orientation_000001000800.png
12,0.5,0.5,353,120.0,1,353.png,45.0,0.5,1,dicarlo.Marques2020_orientation_000001000801.png
12,0.5,0.5,354,120.0,1,354.png,90.0,0.5,1,dicarlo.Marques2020_orientation_000001000802.png
12,0.5,0.5,355,120.0,1,355.png,135.0,0.5,1,dicarlo.Marques2020_orientation_000001000803.png
12,0.5,0.5,356,120.0,1,356.png,180.0,0.5,1,dicarlo.Marques2020_orientation_000001000804.png
12,0.5,0.5,357,120.0,1,357.png,225.0,0.5,1,dicarlo.Marques2020_orientation_000001000805.png
12,0.5,0.5,358,120.0,1,358.png,270.0,0.5,1,dicarlo.Marques2020_orientation_000001000806.png
12,0.5,0.5,359,120.0,1,359.png,315.0,0.5,1,dicarlo.Marques2020_orientation_000001000807.png
12,0.5,0.5,360,135.0,1,360.png,0.0,0.5,1,dicarlo.Marques2020_orientation_000001000900.png
12,0.5,0.5,361,135.0,1,361.png,45.0,0.5,1,dicarlo.Marques2020_orientation_000001000901.png
12,0.5,0.5,362,135.0,1,362.png,90.0,0.5,1,dicarlo.Marques2020_orientation_000001000902.png
12,0.5,0.5,363,135.0,1,363.png,135.0,0.5,1,dicarlo.Marques2020_orientation_000001000903.png
12,0.5,0.5,364,135.0,1,364.png,180.0,0.5,1,dicarlo.Marques2020_orientation_000001000904.png
12,0.5,0.5,365,135.0,1,365.png,225.0,0.5,1,dicarlo.Marques2020_orientation_000001000905.png
12,0.5,0.5,366,135.0,1,366.png,270.0,0.5,1,dicarlo.Marques2020_orientation_000001000906.png
12,0.5,0.5,367,135.0,1,367.png,315.0,0.5,1,dicarlo.Marques2020_orientation_000001000907.png
12,0.5,0.5,368,150.0,1,368.png,0.0,0.5,1,dicarlo.Marques2020_orientation_000001001000.png
12,0.5,0.5,369,150.0,1,369.png,45.0,0.5,1,dicarlo.Marques2020_orientation_000001001001.png
12,0.5,0.5,370,150.0,1,370.png,90.0,0.5,1,dicarlo.Marques2020_orientation_000001001002.png
12,0.5,0.5,371,150.0,1,371.png,135.0,0.5,1,dicarlo.Marques2020_orientation_000001001003.png
12,0.5,0.5,372,150.0,1,372.png,180.0,0.5,1,dicarlo.Marques2020_orientation_000001001004.png
12,0.5,0.5,373,150.0,1,373.png,225.0,0.5,1,dicarlo.Marques2020_orientation_000001001005.png
12,0.5,0.5,374,150.0,1,374.png,270.0,0.5,1,dicarlo.Marques2020_orientation_000001001006.png
12,0.5,0.5,375,150.0,1,375.png,315.0,0.5,1,dicarlo.Marques2020_orientation_000001001007.png
12,0.5,0.5,376,165.0,1,376.png,0.0,0.5,1,dicarlo.Marques2020_orientation_000001001100.png
12,0.5,0.5,377,165.0,1,377.png,45.0,0.5,1,dicarlo.Marques2020_orientation_000001001101.png
12,0.5,0.5,378,165.0,1,378.png,90.0,0.5,1,dicarlo.Marques2020_orientation_000001001102.png
12,0.5,0.5,379,165.0,1,379.png,135.0,0.5,1,dicarlo.Marques2020_orientation_000001001103.png
12,0.5,0.5,380,165.0,1,380.png,180.0,0.5,1,dicarlo.Marques2020_orientation_000001001104.png
12,0.5,0.5,381,165.0,1,381.png,225.0,0.5,1,dicarlo.Marques2020_orientation_000001001105.png
12,0.5,0.5,382,165.0,1,382.png,270.0,0.5,1,dicarlo.Marques2020_orientation_000001001106.png
12,0.5,0.5,383,165.0,1,383.png,315.0,0.5,1,dicarlo.Marques2020_orientation_000001001107.png
12,0.5,0.5,384,0.0,1,384.png,0.0,0.5,2,dicarlo.Marques2020_orientation_000001010000.png
12,0.5,0.5,385,0.0,1,385.png,45.0,0.5,2,dicarlo.Marques2020_orientation_000001010001.png
12,0.5,0.5,386,0.0,1,386.png,90.0,0.5,2,dicarlo.Marques2020_orientation_000001010002.png
12,0.5,0.5,387,0.0,1,387.png,135.0,0.5,2,dicarlo.Marques2020_orientation_000001010003.png
12,0.5,0.5,388,0.0,1,388.png,180.0,0.5,2,dicarlo.Marques2020_orientation_000001010004.png
12,0.5,0.5,389,0.0,1,389.png,225.0,0.5,2,dicarlo.Marques2020_orientation_000001010005.png
12,0.5,0.5,390,0.0,1,390.png,270.0,0.5,2,dicarlo.Marques2020_orientation_000001010006.png
12,0.5,0.5,391,0.0,1,391.png,315.0,0.5,2,dicarlo.Marques2020_orientation_000001010007.png
12,0.5,0.5,392,15.0,1,392.png,0.0,0.5,2,dicarlo.Marques2020_orientation_000001010100.png
12,0.5,0.5,393,15.0,1,393.png,45.0,0.5,2,dicarlo.Marques2020_orientation_000001010101.png
12,0.5,0.5,394,15.0,1,394.png,90.0,0.5,2,dicarlo.Marques2020_orientation_000001010102.png
12,0.5,0.5,395,15.0,1,395.png,135.0,0.5,2,dicarlo.Marques2020_orientation_000001010103.png
12,0.5,0.5,396,15.0,1,396.png,180.0,0.5,2,dicarlo.Marques2020_orientation_000001010104.png
12,0.5,0.5,397,15.0,1,397.png,225.0,0.5,2,dicarlo.Marques2020_orientation_000001010105.png
12,0.5,0.5,398,15.0,1,398.png,270.0,0.5,2,dicarlo.Marques2020_orientation_000001010106.png
12,0.5,0.5,399,15.0,1,399.png,315.0,0.5,2,dicarlo.Marques2020_orientation_000001010107.png
12,0.5,0.5,400,30.0,1,400.png,0.0,0.5,2,dicarlo.Marques2020_orientation_000001010200.png
12,0.5,0.5,401,30.0,1,401.png,45.0,0.5,2,dicarlo.Marques2020_orientation_000001010201.png
12,0.5,0.5,402,30.0,1,402.png,90.0,0.5,2,dicarlo.Marques2020_orientation_000001010202.png
12,0.5,0.5,403,30.0,1,403.png,135.0,0.5,2,dicarlo.Marques2020_orientation_000001010203.png
12,0.5,0.5,404,30.0,1,404.png,180.0,0.5,2,dicarlo.Marques2020_orientation_000001010204.png
12,0.5,0.5,405,30.0,1,405.png,225.0,0.5,2,dicarlo.Marques2020_orientation_000001010205.png
12,0.5,0.5,406,30.0,1,406.png,270.0,0.5,2,dicarlo.Marques2020_orientation_000001010206.png
12,0.5,0.5,407,30.0,1,407.png,315.0,0.5,2,dicarlo.Marques2020_orientation_000001010207.png
12,0.5,0.5,408,45.0,1,408.png,0.0,0.5,2,dicarlo.Marques2020_orientation_000001010300.png
12,0.5,0.5,409,45.0,1,409.png,45.0,0.5,2,dicarlo.Marques2020_orientation_000001010301.png
12,0.5,0.5,410,45.0,1,410.png,90.0,0.5,2,dicarlo.Marques2020_orientation_000001010302.png
12,0.5,0.5,411,45.0,1,411.png,135.0,0.5,2,dicarlo.Marques2020_orientation_000001010303.png
12,0.5,0.5,412,45.0,1,412.png,180.0,0.5,2,dicarlo.Marques2020_orientation_000001010304.png
12,0.5,0.5,413,45.0,1,413.png,225.0,0.5,2,dicarlo.Marques2020_orientation_000001010305.png
12,0.5,0.5,414,45.0,1,414.png,270.0,0.5,2,dicarlo.Marques2020_orientation_000001010306.png
12,0.5,0.5,415,45.0,1,415.png,315.0,0.5,2,dicarlo.Marques2020_orientation_000001010307.png
12,0.5,0.5,416,60.0,1,416.png,0.0,0.5,2,dicarlo.Marques2020_orientation_000001010400.png
12,0.5,0.5,417,60.0,1,417.png,45.0,0.5,2,dicarlo.Marques2020_orientation_000001010401.png
12,0.5,0.5,418,60.0,1,418.png,90.0,0.5,2,dicarlo.Marques2020_orientation_000001010402.png
12,0.5,0.5,419,60.0,1,419.png,135.0,0.5,2,dicarlo.Marques2020_orientation_000001010403.png
12,0.5,0.5,420,60.0,1,420.png,180.0,0.5,2,dicarlo.Marques2020_orientation_000001010404.png
12,0.5,0.5,421,60.0,1,421.png,225.0,0.5,2,dicarlo.Marques2020_orientation_000001010405.png
12,0.5,0.5,422,60.0,1,422.png,270.0,0.5,2,dicarlo.Marques2020_orientation_000001010406.png
12,0.5,0.5,423,60.0,1,423.png,315.0,0.5,2,dicarlo.Marques2020_orientation_000001010407.png
12,0.5,0.5,424,75.0,1,424.png,0.0,0.5,2,dicarlo.Marques2020_orientation_000001010500.png
12,0.5,0.5,425,75.0,1,425.png,45.0,0.5,2,dicarlo.Marques2020_orientation_000001010501.png
12,0.5,0.5,426,75.0,1,426.png,90.0,0.5,2,dicarlo.Marques2020_orientation_000001010502.png
12,0.5,0.5,427,75.0,1,427.png,135.0,0.5,2,dicarlo.Marques2020_orientation_000001010503.png
12,0.5,0.5,428,75.0,1,428.png,180.0,0.5,2,dicarlo.Marques2020_orientation_000001010504.png
12,0.5,0.5,429,75.0,1,429.png,225.0,0.5,2,dicarlo.Marques2020_orientation_000001010505.png
12,0.5,0.5,430,75.0,1,430.png,270.0,0.5,2,dicarlo.Marques2020_orientation_000001010506.png
12,0.5,0.5,431,75.0,1,431.png,315.0,0.5,2,dicarlo.Marques2020_orientation_000001010507.png
12,0.5,0.5,432,90.0,1,432.png,0.0,0.5,2,dicarlo.Marques2020_orientation_000001010600.png
12,0.5,0.5,433,90.0,1,433.png,45.0,0.5,2,dicarlo.Marques2020_orientation_000001010601.png
12,0.5,0.5,434,90.0,1,434.png,90.0,0.5,2,dicarlo.Marques2020_orientation_000001010602.png
12,0.5,0.5,435,90.0,1,435.png,135.0,0.5,2,dicarlo.Marques2020_orientation_000001010603.png
12,0.5,0.5,436,90.0,1,436.png,180.0,0.5,2,dicarlo.Marques2020_orientation_000001010604.png
12,0.5,0.5,437,90.0,1,437.png,225.0,0.5,2,dicarlo.Marques2020_orientation_000001010605.png
12,0.5,0.5,438,90.0,1,438.png,270.0,0.5,2,dicarlo.Marques2020_orientation_000001010606.png
12,0.5,0.5,439,90.0,1,439.png,315.0,0.5,2,dicarlo.Marques2020_orientation_000001010607.png
12,0.5,0.5,440,105.0,1,440.png,0.0,0.5,2,dicarlo.Marques2020_orientation_000001010700.png
12,0.5,0.5,441,105.0,1,441.png,45.0,0.5,2,dicarlo.Marques2020_orientation_000001010701.png
12,0.5,0.5,442,105.0,1,442.png,90.0,0.5,2,dicarlo.Marques2020_orientation_000001010702.png
12,0.5,0.5,443,105.0,1,443.png,135.0,0.5,2,dicarlo.Marques2020_orientation_000001010703.png
12,0.5,0.5,444,105.0,1,444.png,180.0,0.5,2,dicarlo.Marques2020_orientation_000001010704.png
12,0.5,0.5,445,105.0,1,445.png,225.0,0.5,2,dicarlo.Marques2020_orientation_000001010705.png
12,0.5,0.5,446,105.0,1,446.png,270.0,0.5,2,dicarlo.Marques2020_orientation_000001010706.png
12,0.5,0.5,447,105.0,1,447.png,315.0,0.5,2,dicarlo.Marques2020_orientation_000001010707.png
12,0.5,0.5,448,120.0,1,448.png,0.0,0.5,2,dicarlo.Marques2020_orientation_000001010800.png
12,0.5,0.5,449,120.0,1,449.png,45.0,0.5,2,dicarlo.Marques2020_orientation_000001010801.png
12,0.5,0.5,450,120.0,1,450.png,90.0,0.5,2,dicarlo.Marques2020_orientation_000001010802.png
12,0.5,0.5,451,120.0,1,451.png,135.0,0.5,2,dicarlo.Marques2020_orientation_000001010803.png
12,0.5,0.5,452,120.0,1,452.png,180.0,0.5,2,dicarlo.Marques2020_orientation_000001010804.png
12,0.5,0.5,453,120.0,1,453.png,225.0,0.5,2,dicarlo.Marques2020_orientation_000001010805.png
12,0.5,0.5,454,120.0,1,454.png,270.0,0.5,2,dicarlo.Marques2020_orientation_000001010806.png
12,0.5,0.5,455,120.0,1,455.png,315.0,0.5,2,dicarlo.Marques2020_orientation_000001010807.png
12,0.5,0.5,456,135.0,1,456.png,0.0,0.5,2,dicarlo.Marques2020_orientation_000001010900.png
12,0.5,0.5,457,135.0,1,457.png,45.0,0.5,2,dicarlo.Marques2020_orientation_000001010901.png
12,0.5,0.5,458,135.0,1,458.png,90.0,0.5,2,dicarlo.Marques2020_orientation_000001010902.png
12,0.5,0.5,459,135.0,1,459.png,135.0,0.5,2,dicarlo.Marques2020_orientation_000001010903.png
12,0.5,0.5,460,135.0,1,460.png,180.0,0.5,2,dicarlo.Marques2020_orientation_000001010904.png
12,0.5,0.5,461,135.0,1,461.png,225.0,0.5,2,dicarlo.Marques2020_orientation_000001010905.png
12,0.5,0.5,462,135.0,1,462.png,270.0,0.5,2,dicarlo.Marques2020_orientation_000001010906.png
12,0.5,0.5,463,135.0,1,463.png,315.0,0.5,2,dicarlo.Marques2020_orientation_000001010907.png
12,0.5,0.5,464,150.0,1,464.png,0.0,0.5,2,dicarlo.Marques2020_orientation_000001011000.png
12,0.5,0.5,465,150.0,1,465.png,45.0,0.5,2,dicarlo.Marques2020_orientation_000001011001.png
12,0.5,0.5,466,150.0,1,466.png,90.0,0.5,2,dicarlo.Marques2020_orientation_000001011002.png
12,0.5,0.5,467,150.0,1,467.png,135.0,0.5,2,dicarlo.Marques2020_orientation_000001011003.png
12,0.5,0.5,468,150.0,1,468.png,180.0,0.5,2,dicarlo.Marques2020_orientation_000001011004.png
12,0.5,0.5,469,150.0,1,469.png,225.0,0.5,2,dicarlo.Marques2020_orientation_000001011005.png
12,0.5,0.5,470,150.0,1,470.png,270.0,0.5,2,dicarlo.Marques2020_orientation_000001011006.png
12,0.5,0.5,471,150.0,1,471.png,315.0,0.5,2,dicarlo.Marques2020_orientation_000001011007.png
12,0.5,0.5,472,165.0,1,472.png,0.0,0.5,2,dicarlo.Marques2020_orientation_000001011100.png
12,0.5,0.5,473,165.0,1,473.png,45.0,0.5,2,dicarlo.Marques2020_orientation_000001011101.png
12,0.5,0.5,474,165.0,1,474.png,90.0,0.5,2,dicarlo.Marques2020_orientation_000001011102.png
12,0.5,0.5,475,165.0,1,475.png,135.0,0.5,2,dicarlo.Marques2020_orientation_000001011103.png
12,0.5,0.5,476,165.0,1,476.png,180.0,0.5,2,dicarlo.Marques2020_orientation_000001011104.png
12,0.5,0.5,477,165.0,1,477.png,225.0,0.5,2,dicarlo.Marques2020_orientation_000001011105.png
12,0.5,0.5,478,165.0,1,478.png,270.0,0.5,2,dicarlo.Marques2020_orientation_000001011106.png
12,0.5,0.5,479,165.0,1,479.png,315.0,0.5,2,dicarlo.Marques2020_orientation_000001011107.png
12,0.5,0.5,480,0.0,1,480.png,0.0,0.5,4,dicarlo.Marques2020_orientation_000001020000.png
12,0.5,0.5,481,0.0,1,481.png,45.0,0.5,4,dicarlo.Marques2020_orientation_000001020001.png
12,0.5,0.5,482,0.0,1,482.png,90.0,0.5,4,dicarlo.Marques2020_orientation_000001020002.png
12,0.5,0.5,483,0.0,1,483.png,135.0,0.5,4,dicarlo.Marques2020_orientation_000001020003.png
12,0.5,0.5,484,0.0,1,484.png,180.0,0.5,4,dicarlo.Marques2020_orientation_000001020004.png
12,0.5,0.5,485,0.0,1,485.png,225.0,0.5,4,dicarlo.Marques2020_orientation_000001020005.png
12,0.5,0.5,486,0.0,1,486.png,270.0,0.5,4,dicarlo.Marques2020_orientation_000001020006.png
12,0.5,0.5,487,0.0,1,487.png,315.0,0.5,4,dicarlo.Marques2020_orientation_000001020007.png
12,0.5,0.5,488,15.0,1,488.png,0.0,0.5,4,dicarlo.Marques2020_orientation_000001020100.png
12,0.5,0.5,489,15.0,1,489.png,45.0,0.5,4,dicarlo.Marques2020_orientation_000001020101.png
12,0.5,0.5,490,15.0,1,490.png,90.0,0.5,4,dicarlo.Marques2020_orientation_000001020102.png
12,0.5,0.5,491,15.0,1,491.png,135.0,0.5,4,dicarlo.Marques2020_orientation_000001020103.png
12,0.5,0.5,492,15.0,1,492.png,180.0,0.5,4,dicarlo.Marques2020_orientation_000001020104.png
12,0.5,0.5,493,15.0,1,493.png,225.0,0.5,4,dicarlo.Marques2020_orientation_000001020105.png
12,0.5,0.5,494,15.0,1,494.png,270.0,0.5,4,dicarlo.Marques2020_orientation_000001020106.png
12,0.5,0.5,495,15.0,1,495.png,315.0,0.5,4,dicarlo.Marques2020_orientation_000001020107.png
12,0.5,0.5,496,30.0,1,496.png,0.0,0.5,4,dicarlo.Marques2020_orientation_000001020200.png
12,0.5,0.5,497,30.0,1,497.png,45.0,0.5,4,dicarlo.Marques2020_orientation_000001020201.png
12,0.5,0.5,498,30.0,1,498.png,90.0,0.5,4,dicarlo.Marques2020_orientation_000001020202.png
12,0.5,0.5,499,30.0,1,499.png,135.0,0.5,4,dicarlo.Marques2020_orientation_000001020203.png
12,0.5,0.5,500,30.0,1,500.png,180.0,0.5,4,dicarlo.Marques2020_orientation_000001020204.png
12,0.5,0.5,501,30.0,1,501.png,225.0,0.5,4,dicarlo.Marques2020_orientation_000001020205.png
12,0.5,0.5,502,30.0,1,502.png,270.0,0.5,4,dicarlo.Marques2020_orientation_000001020206.png
12,0.5,0.5,503,30.0,1,503.png,315.0,0.5,4,dicarlo.Marques2020_orientation_000001020207.png
12,0.5,0.5,504,45.0,1,504.png,0.0,0.5,4,dicarlo.Marques2020_orientation_000001020300.png
12,0.5,0.5,505,45.0,1,505.png,45.0,0.5,4,dicarlo.Marques2020_orientation_000001020301.png
12,0.5,0.5,506,45.0,1,506.png,90.0,0.5,4,dicarlo.Marques2020_orientation_000001020302.png
12,0.5,0.5,507,45.0,1,507.png,135.0,0.5,4,dicarlo.Marques2020_orientation_000001020303.png
12,0.5,0.5,508,45.0,1,508.png,180.0,0.5,4,dicarlo.Marques2020_orientation_000001020304.png
12,0.5,0.5,509,45.0,1,509.png,225.0,0.5,4,dicarlo.Marques2020_orientation_000001020305.png
12,0.5,0.5,510,45.0,1,510.png,270.0,0.5,4,dicarlo.Marques2020_orientation_000001020306.png
12,0.5,0.5,511,45.0,1,511.png,315.0,0.5,4,dicarlo.Marques2020_orientation_000001020307.png
12,0.5,0.5,512,60.0,1,512.png,0.0,0.5,4,dicarlo.Marques2020_orientation_000001020400.png
12,0.5,0.5,513,60.0,1,513.png,45.0,0.5,4,dicarlo.Marques2020_orientation_000001020401.png
12,0.5,0.5,514,60.0,1,514.png,90.0,0.5,4,dicarlo.Marques2020_orientation_000001020402.png
12,0.5,0.5,515,60.0,1,515.png,135.0,0.5,4,dicarlo.Marques2020_orientation_000001020403.png
12,0.5,0.5,516,60.0,1,516.png,180.0,0.5,4,dicarlo.Marques2020_orientation_000001020404.png
12,0.5,0.5,517,60.0,1,517.png,225.0,0.5,4,dicarlo.Marques2020_orientation_000001020405.png
12,0.5,0.5,518,60.0,1,518.png,270.0,0.5,4,dicarlo.Marques2020_orientation_000001020406.png
12,0.5,0.5,519,60.0,1,519.png,315.0,0.5,4,dicarlo.Marques2020_orientation_000001020407.png
12,0.5,0.5,520,75.0,1,520.png,0.0,0.5,4,dicarlo.Marques2020_orientation_000001020500.png
12,0.5,0.5,521,75.0,1,521.png,45.0,0.5,4,dicarlo.Marques2020_orientation_000001020501.png
12,0.5,0.5,522,75.0,1,522.png,90.0,0.5,4,dicarlo.Marques2020_orientation_000001020502.png
12,0.5,0.5,523,75.0,1,523.png,135.0,0.5,4,dicarlo.Marques2020_orientation_000001020503.png
12,0.5,0.5,524,75.0,1,524.png,180.0,0.5,4,dicarlo.Marques2020_orientation_000001020504.png
12,0.5,0.5,525,75.0,1,525.png,225.0,0.5,4,dicarlo.Marques2020_orientation_000001020505.png
12,0.5,0.5,526,75.0,1,526.png,270.0,0.5,4,dicarlo.Marques2020_orientation_000001020506.png
12,0.5,0.5,527,75.0,1,527.png,315.0,0.5,4,dicarlo.Marques2020_orientation_000001020507.png
12,0.5,0.5,528,90.0,1,528.png,0.0,0.5,4,dicarlo.Marques2020_orientation_000001020600.png
12,0.5,0.5,529,90.0,1,529.png,45.0,0.5,4,dicarlo.Marques2020_orientation_000001020601.png
12,0.5,0.5,530,90.0,1,530.png,90.0,0.5,4,dicarlo.Marques2020_orientation_000001020602.png
12,0.5,0.5,531,90.0,1,531.png,135.0,0.5,4,dicarlo.Marques2020_orientation_000001020603.png
12,0.5,0.5,532,90.0,1,532.png,180.0,0.5,4,dicarlo.Marques2020_orientation_000001020604.png
12,0.5,0.5,533,90.0,1,533.png,225.0,0.5,4,dicarlo.Marques2020_orientation_000001020605.png
12,0.5,0.5,534,90.0,1,534.png,270.0,0.5,4,dicarlo.Marques2020_orientation_000001020606.png
12,0.5,0.5,535,90.0,1,535.png,315.0,0.5,4,dicarlo.Marques2020_orientation_000001020607.png
12,0.5,0.5,536,105.0,1,536.png,0.0,0.5,4,dicarlo.Marques2020_orientation_000001020700.png
12,0.5,0.5,537,105.0,1,537.png,45.0,0.5,4,dicarlo.Marques2020_orientation_000001020701.png
12,0.5,0.5,538,105.0,1,538.png,90.0,0.5,4,dicarlo.Marques2020_orientation_000001020702.png
12,0.5,0.5,539,105.0,1,539.png,135.0,0.5,4,dicarlo.Marques2020_orientation_000001020703.png
12,0.5,0.5,540,105.0,1,540.png,180.0,0.5,4,dicarlo.Marques2020_orientation_000001020704.png
12,0.5,0.5,541,105.0,1,541.png,225.0,0.5,4,dicarlo.Marques2020_orientation_000001020705.png
12,0.5,0.5,542,105.0,1,542.png,270.0,0.5,4,dicarlo.Marques2020_orientation_000001020706.png
12,0.5,0.5,543,105.0,1,543.png,315.0,0.5,4,dicarlo.Marques2020_orientation_000001020707.png
12,0.5,0.5,544,120.0,1,544.png,0.0,0.5,4,dicarlo.Marques2020_orientation_000001020800.png
12,0.5,0.5,545,120.0,1,545.png,45.0,0.5,4,dicarlo.Marques2020_orientation_000001020801.png
12,0.5,0.5,546,120.0,1,546.png,90.0,0.5,4,dicarlo.Marques2020_orientation_000001020802.png
12,0.5,0.5,547,120.0,1,547.png,135.0,0.5,4,dicarlo.Marques2020_orientation_000001020803.png
12,0.5,0.5,548,120.0,1,548.png,180.0,0.5,4,dicarlo.Marques2020_orientation_000001020804.png
12,0.5,0.5,549,120.0,1,549.png,225.0,0.5,4,dicarlo.Marques2020_orientation_000001020805.png
12,0.5,0.5,550,120.0,1,550.png,270.0,0.5,4,dicarlo.Marques2020_orientation_000001020806.png
12,0.5,0.5,551,120.0,1,551.png,315.0,0.5,4,dicarlo.Marques2020_orientation_000001020807.png
12,0.5,0.5,552,135.0,1,552.png,0.0,0.5,4,dicarlo.Marques2020_orientation_000001020900.png
12,0.5,0.5,553,135.0,1,553.png,45.0,0.5,4,dicarlo.Marques2020_orientation_000001020901.png
12,0.5,0.5,554,135.0,1,554.png,90.0,0.5,4,dicarlo.Marques2020_orientation_000001020902.png
12,0.5,0.5,555,135.0,1,555.png,135.0,0.5,4,dicarlo.Marques2020_orientation_000001020903.png
12,0.5,0.5,556,135.0,1,556.png,180.0,0.5,4,dicarlo.Marques2020_orientation_000001020904.png
12,0.5,0.5,557,135.0,1,557.png,225.0,0.5,4,dicarlo.Marques2020_orientation_000001020905.png
12,0.5,0.5,558,135.0,1,558.png,270.0,0.5,4,dicarlo.Marques2020_orientation_000001020906.png
12,0.5,0.5,559,135.0,1,559.png,315.0,0.5,4,dicarlo.Marques2020_orientation_000001020907.png
12,0.5,0.5,560,150.0,1,560.png,0.0,0.5,4,dicarlo.Marques2020_orientation_000001021000.png
12,0.5,0.5,561,150.0,1,561.png,45.0,0.5,4,dicarlo.Marques2020_orientation_000001021001.png
12,0.5,0.5,562,150.0,1,562.png,90.0,0.5,4,dicarlo.Marques2020_orientation_000001021002.png
12,0.5,0.5,563,150.0,1,563.png,135.0,0.5,4,dicarlo.Marques2020_orientation_000001021003.png
12,0.5,0.5,564,150.0,1,564.png,180.0,0.5,4,dicarlo.Marques2020_orientation_000001021004.png
12,0.5,0.5,565,150.0,1,565.png,225.0,0.5,4,dicarlo.Marques2020_orientation_000001021005.png
12,0.5,0.5,566,150.0,1,566.png,270.0,0.5,4,dicarlo.Marques2020_orientation_000001021006.png
12,0.5,0.5,567,150.0,1,567.png,315.0,0.5,4,dicarlo.Marques2020_orientation_000001021007.png
12,0.5,0.5,568,165.0,1,568.png,0.0,0.5,4,dicarlo.Marques2020_orientation_000001021100.png
12,0.5,0.5,569,165.0,1,569.png,45.0,0.5,4,dicarlo.Marques2020_orientation_000001021101.png
12,0.5,0.5,570,165.0,1,570.png,90.0,0.5,4,dicarlo.Marques2020_orientation_000001021102.png
12,0.5,0.5,571,165.0,1,571.png,135.0,0.5,4,dicarlo.Marques2020_orientation_000001021103.png
12,0.5,0.5,572,165.0,1,572.png,180.0,0.5,4,dicarlo.Marques2020_orientation_000001021104.png
12,0.5,0.5,573,165.0,1,573.png,225.0,0.5,4,dicarlo.Marques2020_orientation_000001021105.png
12,0.5,0.5,574,165.0,1,574.png,270.0,0.5,4,dicarlo.Marques2020_orientation_000001021106.png
12,0.5,0.5,575,165.0,1,575.png,315.0,0.5,4,dicarlo.Marques2020_orientation_000001021107.png
12,1.0,0.5,576,0.0,1,576.png,0.0,0.5,1,dicarlo.Marques2020_orientation_000002000000.png
12,1.0,0.5,577,0.0,1,577.png,45.0,0.5,1,dicarlo.Marques2020_orientation_000002000001.png
12,1.0,0.5,578,0.0,1,578.png,90.0,0.5,1,dicarlo.Marques2020_orientation_000002000002.png
12,1.0,0.5,579,0.0,1,579.png,135.0,0.5,1,dicarlo.Marques2020_orientation_000002000003.png
12,1.0,0.5,580,0.0,1,580.png,180.0,0.5,1,dicarlo.Marques2020_orientation_000002000004.png
12,1.0,0.5,581,0.0,1,581.png,225.0,0.5,1,dicarlo.Marques2020_orientation_000002000005.png
12,1.0,0.5,582,0.0,1,582.png,270.0,0.5,1,dicarlo.Marques2020_orientation_000002000006.png
12,1.0,0.5,583,0.0,1,583.png,315.0,0.5,1,dicarlo.Marques2020_orientation_000002000007.png
12,1.0,0.5,584,15.0,1,584.png,0.0,0.5,1,dicarlo.Marques2020_orientation_000002000100.png
12,1.0,0.5,585,15.0,1,585.png,45.0,0.5,1,dicarlo.Marques2020_orientation_000002000101.png
12,1.0,0.5,586,15.0,1,586.png,90.0,0.5,1,dicarlo.Marques2020_orientation_000002000102.png
12,1.0,0.5,587,15.0,1,587.png,135.0,0.5,1,dicarlo.Marques2020_orientation_000002000103.png
12,1.0,0.5,588,15.0,1,588.png,180.0,0.5,1,dicarlo.Marques2020_orientation_000002000104.png
12,1.0,0.5,589,15.0,1,589.png,225.0,0.5,1,dicarlo.Marques2020_orientation_000002000105.png
12,1.0,0.5,590,15.0,1,590.png,270.0,0.5,1,dicarlo.Marques2020_orientation_000002000106.png
12,1.0,0.5,591,15.0,1,591.png,315.0,0.5,1,dicarlo.Marques2020_orientation_000002000107.png
12,1.0,0.5,592,30.0,1,592.png,0.0,0.5,1,dicarlo.Marques2020_orientation_000002000200.png
12,1.0,0.5,593,30.0,1,593.png,45.0,0.5,1,dicarlo.Marques2020_orientation_000002000201.png
12,1.0,0.5,594,30.0,1,594.png,90.0,0.5,1,dicarlo.Marques2020_orientation_000002000202.png
12,1.0,0.5,595,30.0,1,595.png,135.0,0.5,1,dicarlo.Marques2020_orientation_000002000203.png
12,1.0,0.5,596,30.0,1,596.png,180.0,0.5,1,dicarlo.Marques2020_orientation_000002000204.png
12,1.0,0.5,597,30.0,1,597.png,225.0,0.5,1,dicarlo.Marques2020_orientation_000002000205.png
12,1.0,0.5,598,30.0,1,598.png,270.0,0.5,1,dicarlo.Marques2020_orientation_000002000206.png
12,1.0,0.5,599,30.0,1,599.png,315.0,0.5,1,dicarlo.Marques2020_orientation_000002000207.png
12,1.0,0.5,600,45.0,1,600.png,0.0,0.5,1,dicarlo.Marques2020_orientation_000002000300.png
12,1.0,0.5,601,45.0,1,601.png,45.0,0.5,1,dicarlo.Marques2020_orientation_000002000301.png
12,1.0,0.5,602,45.0,1,602.png,90.0,0.5,1,dicarlo.Marques2020_orientation_000002000302.png
12,1.0,0.5,603,45.0,1,603.png,135.0,0.5,1,dicarlo.Marques2020_orientation_000002000303.png
12,1.0,0.5,604,45.0,1,604.png,180.0,0.5,1,dicarlo.Marques2020_orientation_000002000304.png
12,1.0,0.5,605,45.0,1,605.png,225.0,0.5,1,dicarlo.Marques2020_orientation_000002000305.png
12,1.0,0.5,606,45.0,1,606.png,270.0,0.5,1,dicarlo.Marques2020_orientation_000002000306.png
12,1.0,0.5,607,45.0,1,607.png,315.0,0.5,1,dicarlo.Marques2020_orientation_000002000307.png
12,1.0,0.5,608,60.0,1,608.png,0.0,0.5,1,dicarlo.Marques2020_orientation_000002000400.png
12,1.0,0.5,609,60.0,1,609.png,45.0,0.5,1,dicarlo.Marques2020_orientation_000002000401.png
12,1.0,0.5,610,60.0,1,610.png,90.0,0.5,1,dicarlo.Marques2020_orientation_000002000402.png
12,1.0,0.5,611,60.0,1,611.png,135.0,0.5,1,dicarlo.Marques2020_orientation_000002000403.png
12,1.0,0.5,612,60.0,1,612.png,180.0,0.5,1,dicarlo.Marques2020_orientation_000002000404.png
12,1.0,0.5,613,60.0,1,613.png,225.0,0.5,1,dicarlo.Marques2020_orientation_000002000405.png
12,1.0,0.5,614,60.0,1,614.png,270.0,0.5,1,dicarlo.Marques2020_orientation_000002000406.png
12,1.0,0.5,615,60.0,1,615.png,315.0,0.5,1,dicarlo.Marques2020_orientation_000002000407.png
12,1.0,0.5,616,75.0,1,616.png,0.0,0.5,1,dicarlo.Marques2020_orientation_000002000500.png
12,1.0,0.5,617,75.0,1,617.png,45.0,0.5,1,dicarlo.Marques2020_orientation_000002000501.png
12,1.0,0.5,618,75.0,1,618.png,90.0,0.5,1,dicarlo.Marques2020_orientation_000002000502.png
12,1.0,0.5,619,75.0,1,619.png,135.0,0.5,1,dicarlo.Marques2020_orientation_000002000503.png
12,1.0,0.5,620,75.0,1,620.png,180.0,0.5,1,dicarlo.Marques2020_orientation_000002000504.png
12,1.0,0.5,621,75.0,1,621.png,225.0,0.5,1,dicarlo.Marques2020_orientation_000002000505.png
12,1.0,0.5,622,75.0,1,622.png,270.0,0.5,1,dicarlo.Marques2020_orientation_000002000506.png
12,1.0,0.5,623,75.0,1,623.png,315.0,0.5,1,dicarlo.Marques2020_orientation_000002000507.png
12,1.0,0.5,624,90.0,1,624.png,0.0,0.5,1,dicarlo.Marques2020_orientation_000002000600.png
12,1.0,0.5,625,90.0,1,625.png,45.0,0.5,1,dicarlo.Marques2020_orientation_000002000601.png
12,1.0,0.5,626,90.0,1,626.png,90.0,0.5,1,dicarlo.Marques2020_orientation_000002000602.png
12,1.0,0.5,627,90.0,1,627.png,135.0,0.5,1,dicarlo.Marques2020_orientation_000002000603.png
12,1.0,0.5,628,90.0,1,628.png,180.0,0.5,1,dicarlo.Marques2020_orientation_000002000604.png
12,1.0,0.5,629,90.0,1,629.png,225.0,0.5,1,dicarlo.Marques2020_orientation_000002000605.png
12,1.0,0.5,630,90.0,1,630.png,270.0,0.5,1,dicarlo.Marques2020_orientation_000002000606.png
12,1.0,0.5,631,90.0,1,631.png,315.0,0.5,1,dicarlo.Marques2020_orientation_000002000607.png
12,1.0,0.5,632,105.0,1,632.png,0.0,0.5,1,dicarlo.Marques2020_orientation_000002000700.png
12,1.0,0.5,633,105.0,1,633.png,45.0,0.5,1,dicarlo.Marques2020_orientation_000002000701.png
12,1.0,0.5,634,105.0,1,634.png,90.0,0.5,1,dicarlo.Marques2020_orientation_000002000702.png
12,1.0,0.5,635,105.0,1,635.png,135.0,0.5,1,dicarlo.Marques2020_orientation_000002000703.png
12,1.0,0.5,636,105.0,1,636.png,180.0,0.5,1,dicarlo.Marques2020_orientation_000002000704.png
12,1.0,0.5,637,105.0,1,637.png,225.0,0.5,1,dicarlo.Marques2020_orientation_000002000705.png
12,1.0,0.5,638,105.0,1,638.png,270.0,0.5,1,dicarlo.Marques2020_orientation_000002000706.png
12,1.0,0.5,639,105.0,1,639.png,315.0,0.5,1,dicarlo.Marques2020_orientation_000002000707.png
12,1.0,0.5,640,120.0,1,640.png,0.0,0.5,1,dicarlo.Marques2020_orientation_000002000800.png
12,1.0,0.5,641,120.0,1,641.png,45.0,0.5,1,dicarlo.Marques2020_orientation_000002000801.png
12,1.0,0.5,642,120.0,1,642.png,90.0,0.5,1,dicarlo.Marques2020_orientation_000002000802.png
12,1.0,0.5,643,120.0,1,643.png,135.0,0.5,1,dicarlo.Marques2020_orientation_000002000803.png
12,1.0,0.5,644,120.0,1,644.png,180.0,0.5,1,dicarlo.Marques2020_orientation_000002000804.png
12,1.0,0.5,645,120.0,1,645.png,225.0,0.5,1,dicarlo.Marques2020_orientation_000002000805.png
12,1.0,0.5,646,120.0,1,646.png,270.0,0.5,1,dicarlo.Marques2020_orientation_000002000806.png
12,1.0,0.5,647,120.0,1,647.png,315.0,0.5,1,dicarlo.Marques2020_orientation_000002000807.png
12,1.0,0.5,648,135.0,1,648.png,0.0,0.5,1,dicarlo.Marques2020_orientation_000002000900.png
12,1.0,0.5,649,135.0,1,649.png,45.0,0.5,1,dicarlo.Marques2020_orientation_000002000901.png
12,1.0,0.5,650,135.0,1,650.png,90.0,0.5,1,dicarlo.Marques2020_orientation_000002000902.png
12,1.0,0.5,651,135.0,1,651.png,135.0,0.5,1,dicarlo.Marques2020_orientation_000002000903.png
12,1.0,0.5,652,135.0,1,652.png,180.0,0.5,1,dicarlo.Marques2020_orientation_000002000904.png
12,1.0,0.5,653,135.0,1,653.png,225.0,0.5,1,dicarlo.Marques2020_orientation_000002000905.png
12,1.0,0.5,654,135.0,1,654.png,270.0,0.5,1,dicarlo.Marques2020_orientation_000002000906.png
12,1.0,0.5,655,135.0,1,655.png,315.0,0.5,1,dicarlo.Marques2020_orientation_000002000907.png
12,1.0,0.5,656,150.0,1,656.png,0.0,0.5,1,dicarlo.Marques2020_orientation_000002001000.png
12,1.0,0.5,657,150.0,1,657.png,45.0,0.5,1,dicarlo.Marques2020_orientation_000002001001.png
12,1.0,0.5,658,150.0,1,658.png,90.0,0.5,1,dicarlo.Marques2020_orientation_000002001002.png
12,1.0,0.5,659,150.0,1,659.png,135.0,0.5,1,dicarlo.Marques2020_orientation_000002001003.png
12,1.0,0.5,660,150.0,1,660.png,180.0,0.5,1,dicarlo.Marques2020_orientation_000002001004.png
12,1.0,0.5,661,150.0,1,661.png,225.0,0.5,1,dicarlo.Marques2020_orientation_000002001005.png
12,1.0,0.5,662,150.0,1,662.png,270.0,0.5,1,dicarlo.Marques2020_orientation_000002001006.png
12,1.0,0.5,663,150.0,1,663.png,315.0,0.5,1,dicarlo.Marques2020_orientation_000002001007.png
12,1.0,0.5,664,165.0,1,664.png,0.0,0.5,1,dicarlo.Marques2020_orientation_000002001100.png
12,1.0,0.5,665,165.0,1,665.png,45.0,0.5,1,dicarlo.Marques2020_orientation_000002001101.png
12,1.0,0.5,666,165.0,1,666.png,90.0,0.5,1,dicarlo.Marques2020_orientation_000002001102.png
12,1.0,0.5,667,165.0,1,667.png,135.0,0.5,1,dicarlo.Marques2020_orientation_000002001103.png
12,1.0,0.5,668,165.0,1,668.png,180.0,0.5,1,dicarlo.Marques2020_orientation_000002001104.png
12,1.0,0.5,669,165.0,1,669.png,225.0,0.5,1,dicarlo.Marques2020_orientation_000002001105.png
12,1.0,0.5,670,165.0,1,670.png,270.0,0.5,1,dicarlo.Marques2020_orientation_000002001106.png
12,1.0,0.5,671,165.0,1,671.png,315.0,0.5,1,dicarlo.Marques2020_orientation_000002001107.png
12,1.0,0.5,672,0.0,1,672.png,0.0,0.5,2,dicarlo.Marques2020_orientation_000002010000.png
12,1.0,0.5,673,0.0,1,673.png,45.0,0.5,2,dicarlo.Marques2020_orientation_000002010001.png
12,1.0,0.5,674,0.0,1,674.png,90.0,0.5,2,dicarlo.Marques2020_orientation_000002010002.png
12,1.0,0.5,675,0.0,1,675.png,135.0,0.5,2,dicarlo.Marques2020_orientation_000002010003.png
12,1.0,0.5,676,0.0,1,676.png,180.0,0.5,2,dicarlo.Marques2020_orientation_000002010004.png
12,1.0,0.5,677,0.0,1,677.png,225.0,0.5,2,dicarlo.Marques2020_orientation_000002010005.png
12,1.0,0.5,678,0.0,1,678.png,270.0,0.5,2,dicarlo.Marques2020_orientation_000002010006.png
12,1.0,0.5,679,0.0,1,679.png,315.0,0.5,2,dicarlo.Marques2020_orientation_000002010007.png
12,1.0,0.5,680,15.0,1,680.png,0.0,0.5,2,dicarlo.Marques2020_orientation_000002010100.png
12,1.0,0.5,681,15.0,1,681.png,45.0,0.5,2,dicarlo.Marques2020_orientation_000002010101.png
12,1.0,0.5,682,15.0,1,682.png,90.0,0.5,2,dicarlo.Marques2020_orientation_000002010102.png
12,1.0,0.5,683,15.0,1,683.png,135.0,0.5,2,dicarlo.Marques2020_orientation_000002010103.png
12,1.0,0.5,684,15.0,1,684.png,180.0,0.5,2,dicarlo.Marques2020_orientation_000002010104.png
12,1.0,0.5,685,15.0,1,685.png,225.0,0.5,2,dicarlo.Marques2020_orientation_000002010105.png
12,1.0,0.5,686,15.0,1,686.png,270.0,0.5,2,dicarlo.Marques2020_orientation_000002010106.png
12,1.0,0.5,687,15.0,1,687.png,315.0,0.5,2,dicarlo.Marques2020_orientation_000002010107.png
12,1.0,0.5,688,30.0,1,688.png,0.0,0.5,2,dicarlo.Marques2020_orientation_000002010200.png
12,1.0,0.5,689,30.0,1,689.png,45.0,0.5,2,dicarlo.Marques2020_orientation_000002010201.png
12,1.0,0.5,690,30.0,1,690.png,90.0,0.5,2,dicarlo.Marques2020_orientation_000002010202.png
12,1.0,0.5,691,30.0,1,691.png,135.0,0.5,2,dicarlo.Marques2020_orientation_000002010203.png
12,1.0,0.5,692,30.0,1,692.png,180.0,0.5,2,dicarlo.Marques2020_orientation_000002010204.png
12,1.0,0.5,693,30.0,1,693.png,225.0,0.5,2,dicarlo.Marques2020_orientation_000002010205.png
12,1.0,0.5,694,30.0,1,694.png,270.0,0.5,2,dicarlo.Marques2020_orientation_000002010206.png
12,1.0,0.5,695,30.0,1,695.png,315.0,0.5,2,dicarlo.Marques2020_orientation_000002010207.png
12,1.0,0.5,696,45.0,1,696.png,0.0,0.5,2,dicarlo.Marques2020_orientation_000002010300.png
12,1.0,0.5,697,45.0,1,697.png,45.0,0.5,2,dicarlo.Marques2020_orientation_000002010301.png
12,1.0,0.5,698,45.0,1,698.png,90.0,0.5,2,dicarlo.Marques2020_orientation_000002010302.png
12,1.0,0.5,699,45.0,1,699.png,135.0,0.5,2,dicarlo.Marques2020_orientation_000002010303.png
12,1.0,0.5,700,45.0,1,700.png,180.0,0.5,2,dicarlo.Marques2020_orientation_000002010304.png
12,1.0,0.5,701,45.0,1,701.png,225.0,0.5,2,dicarlo.Marques2020_orientation_000002010305.png
12,1.0,0.5,702,45.0,1,702.png,270.0,0.5,2,dicarlo.Marques2020_orientation_000002010306.png
12,1.0,0.5,703,45.0,1,703.png,315.0,0.5,2,dicarlo.Marques2020_orientation_000002010307.png
12,1.0,0.5,704,60.0,1,704.png,0.0,0.5,2,dicarlo.Marques2020_orientation_000002010400.png
12,1.0,0.5,705,60.0,1,705.png,45.0,0.5,2,dicarlo.Marques2020_orientation_000002010401.png
12,1.0,0.5,706,60.0,1,706.png,90.0,0.5,2,dicarlo.Marques2020_orientation_000002010402.png
12,1.0,0.5,707,60.0,1,707.png,135.0,0.5,2,dicarlo.Marques2020_orientation_000002010403.png
12,1.0,0.5,708,60.0,1,708.png,180.0,0.5,2,dicarlo.Marques2020_orientation_000002010404.png
12,1.0,0.5,709,60.0,1,709.png,225.0,0.5,2,dicarlo.Marques2020_orientation_000002010405.png
12,1.0,0.5,710,60.0,1,710.png,270.0,0.5,2,dicarlo.Marques2020_orientation_000002010406.png
12,1.0,0.5,711,60.0,1,711.png,315.0,0.5,2,dicarlo.Marques2020_orientation_000002010407.png
12,1.0,0.5,712,75.0,1,712.png,0.0,0.5,2,dicarlo.Marques2020_orientation_000002010500.png
12,1.0,0.5,713,75.0,1,713.png,45.0,0.5,2,dicarlo.Marques2020_orientation_000002010501.png
12,1.0,0.5,714,75.0,1,714.png,90.0,0.5,2,dicarlo.Marques2020_orientation_000002010502.png
12,1.0,0.5,715,75.0,1,715.png,135.0,0.5,2,dicarlo.Marques2020_orientation_000002010503.png
12,1.0,0.5,716,75.0,1,716.png,180.0,0.5,2,dicarlo.Marques2020_orientation_000002010504.png
12,1.0,0.5,717,75.0,1,717.png,225.0,0.5,2,dicarlo.Marques2020_orientation_000002010505.png
12,1.0,0.5,718,75.0,1,718.png,270.0,0.5,2,dicarlo.Marques2020_orientation_000002010506.png
12,1.0,0.5,719,75.0,1,719.png,315.0,0.5,2,dicarlo.Marques2020_orientation_000002010507.png
12,1.0,0.5,720,90.0,1,720.png,0.0,0.5,2,dicarlo.Marques2020_orientation_000002010600.png
12,1.0,0.5,721,90.0,1,721.png,45.0,0.5,2,dicarlo.Marques2020_orientation_000002010601.png
12,1.0,0.5,722,90.0,1,722.png,90.0,0.5,2,dicarlo.Marques2020_orientation_000002010602.png
12,1.0,0.5,723,90.0,1,723.png,135.0,0.5,2,dicarlo.Marques2020_orientation_000002010603.png
12,1.0,0.5,724,90.0,1,724.png,180.0,0.5,2,dicarlo.Marques2020_orientation_000002010604.png
12,1.0,0.5,725,90.0,1,725.png,225.0,0.5,2,dicarlo.Marques2020_orientation_000002010605.png
12,1.0,0.5,726,90.0,1,726.png,270.0,0.5,2,dicarlo.Marques2020_orientation_000002010606.png
12,1.0,0.5,727,90.0,1,727.png,315.0,0.5,2,dicarlo.Marques2020_orientation_000002010607.png
12,1.0,0.5,728,105.0,1,728.png,0.0,0.5,2,dicarlo.Marques2020_orientation_000002010700.png
12,1.0,0.5,729,105.0,1,729.png,45.0,0.5,2,dicarlo.Marques2020_orientation_000002010701.png
12,1.0,0.5,730,105.0,1,730.png,90.0,0.5,2,dicarlo.Marques2020_orientation_000002010702.png
12,1.0,0.5,731,105.0,1,731.png,135.0,0.5,2,dicarlo.Marques2020_orientation_000002010703.png
12,1.0,0.5,732,105.0,1,732.png,180.0,0.5,2,dicarlo.Marques2020_orientation_000002010704.png
12,1.0,0.5,733,105.0,1,733.png,225.0,0.5,2,dicarlo.Marques2020_orientation_000002010705.png
12,1.0,0.5,734,105.0,1,734.png,270.0,0.5,2,dicarlo.Marques2020_orientation_000002010706.png
12,1.0,0.5,735,105.0,1,735.png,315.0,0.5,2,dicarlo.Marques2020_orientation_000002010707.png
12,1.0,0.5,736,120.0,1,736.png,0.0,0.5,2,dicarlo.Marques2020_orientation_000002010800.png
12,1.0,0.5,737,120.0,1,737.png,45.0,0.5,2,dicarlo.Marques2020_orientation_000002010801.png
12,1.0,0.5,738,120.0,1,738.png,90.0,0.5,2,dicarlo.Marques2020_orientation_000002010802.png
12,1.0,0.5,739,120.0,1,739.png,135.0,0.5,2,dicarlo.Marques2020_orientation_000002010803.png
12,1.0,0.5,740,120.0,1,740.png,180.0,0.5,2,dicarlo.Marques2020_orientation_000002010804.png
12,1.0,0.5,741,120.0,1,741.png,225.0,0.5,2,dicarlo.Marques2020_orientation_000002010805.png
12,1.0,0.5,742,120.0,1,742.png,270.0,0.5,2,dicarlo.Marques2020_orientation_000002010806.png
12,1.0,0.5,743,120.0,1,743.png,315.0,0.5,2,dicarlo.Marques2020_orientation_000002010807.png
12,1.0,0.5,744,135.0,1,744.png,0.0,0.5,2,dicarlo.Marques2020_orientation_000002010900.png
12,1.0,0.5,745,135.0,1,745.png,45.0,0.5,2,dicarlo.Marques2020_orientation_000002010901.png
12,1.0,0.5,746,135.0,1,746.png,90.0,0.5,2,dicarlo.Marques2020_orientation_000002010902.png
12,1.0,0.5,747,135.0,1,747.png,135.0,0.5,2,dicarlo.Marques2020_orientation_000002010903.png
12,1.0,0.5,748,135.0,1,748.png,180.0,0.5,2,dicarlo.Marques2020_orientation_000002010904.png
12,1.0,0.5,749,135.0,1,749.png,225.0,0.5,2,dicarlo.Marques2020_orientation_000002010905.png
12,1.0,0.5,750,135.0,1,750.png,270.0,0.5,2,dicarlo.Marques2020_orientation_000002010906.png
12,1.0,0.5,751,135.0,1,751.png,315.0,0.5,2,dicarlo.Marques2020_orientation_000002010907.png
12,1.0,0.5,752,150.0,1,752.png,0.0,0.5,2,dicarlo.Marques2020_orientation_000002011000.png
12,1.0,0.5,753,150.0,1,753.png,45.0,0.5,2,dicarlo.Marques2020_orientation_000002011001.png
12,1.0,0.5,754,150.0,1,754.png,90.0,0.5,2,dicarlo.Marques2020_orientation_000002011002.png
12,1.0,0.5,755,150.0,1,755.png,135.0,0.5,2,dicarlo.Marques2020_orientation_000002011003.png
12,1.0,0.5,756,150.0,1,756.png,180.0,0.5,2,dicarlo.Marques2020_orientation_000002011004.png
12,1.0,0.5,757,150.0,1,757.png,225.0,0.5,2,dicarlo.Marques2020_orientation_000002011005.png
12,1.0,0.5,758,150.0,1,758.png,270.0,0.5,2,dicarlo.Marques2020_orientation_000002011006.png
12,1.0,0.5,759,150.0,1,759.png,315.0,0.5,2,dicarlo.Marques2020_orientation_000002011007.png
12,1.0,0.5,760,165.0,1,760.png,0.0,0.5,2,dicarlo.Marques2020_orientation_000002011100.png
12,1.0,0.5,761,165.0,1,761.png,45.0,0.5,2,dicarlo.Marques2020_orientation_000002011101.png
12,1.0,0.5,762,165.0,1,762.png,90.0,0.5,2,dicarlo.Marques2020_orientation_000002011102.png
12,1.0,0.5,763,165.0,1,763.png,135.0,0.5,2,dicarlo.Marques2020_orientation_000002011103.png
12,1.0,0.5,764,165.0,1,764.png,180.0,0.5,2,dicarlo.Marques2020_orientation_000002011104.png
12,1.0,0.5,765,165.0,1,765.png,225.0,0.5,2,dicarlo.Marques2020_orientation_000002011105.png
12,1.0,0.5,766,165.0,1,766.png,270.0,0.5,2,dicarlo.Marques2020_orientation_000002011106.png
12,1.0,0.5,767,165.0,1,767.png,315.0,0.5,2,dicarlo.Marques2020_orientation_000002011107.png
12,1.0,0.5,768,0.0,1,768.png,0.0,0.5,4,dicarlo.Marques2020_orientation_000002020000.png
12,1.0,0.5,769,0.0,1,769.png,45.0,0.5,4,dicarlo.Marques2020_orientation_000002020001.png
12,1.0,0.5,770,0.0,1,770.png,90.0,0.5,4,dicarlo.Marques2020_orientation_000002020002.png
12,1.0,0.5,771,0.0,1,771.png,135.0,0.5,4,dicarlo.Marques2020_orientation_000002020003.png
12,1.0,0.5,772,0.0,1,772.png,180.0,0.5,4,dicarlo.Marques2020_orientation_000002020004.png
12,1.0,0.5,773,0.0,1,773.png,225.0,0.5,4,dicarlo.Marques2020_orientation_000002020005.png
12,1.0,0.5,774,0.0,1,774.png,270.0,0.5,4,dicarlo.Marques2020_orientation_000002020006.png
12,1.0,0.5,775,0.0,1,775.png,315.0,0.5,4,dicarlo.Marques2020_orientation_000002020007.png
12,1.0,0.5,776,15.0,1,776.png,0.0,0.5,4,dicarlo.Marques2020_orientation_000002020100.png
12,1.0,0.5,777,15.0,1,777.png,45.0,0.5,4,dicarlo.Marques2020_orientation_000002020101.png
12,1.0,0.5,778,15.0,1,778.png,90.0,0.5,4,dicarlo.Marques2020_orientation_000002020102.png
12,1.0,0.5,779,15.0,1,779.png,135.0,0.5,4,dicarlo.Marques2020_orientation_000002020103.png
12,1.0,0.5,780,15.0,1,780.png,180.0,0.5,4,dicarlo.Marques2020_orientation_000002020104.png
12,1.0,0.5,781,15.0,1,781.png,225.0,0.5,4,dicarlo.Marques2020_orientation_000002020105.png
12,1.0,0.5,782,15.0,1,782.png,270.0,0.5,4,dicarlo.Marques2020_orientation_000002020106.png
12,1.0,0.5,783,15.0,1,783.png,315.0,0.5,4,dicarlo.Marques2020_orientation_000002020107.png
12,1.0,0.5,784,30.0,1,784.png,0.0,0.5,4,dicarlo.Marques2020_orientation_000002020200.png
12,1.0,0.5,785,30.0,1,785.png,45.0,0.5,4,dicarlo.Marques2020_orientation_000002020201.png
12,1.0,0.5,786,30.0,1,786.png,90.0,0.5,4,dicarlo.Marques2020_orientation_000002020202.png
12,1.0,0.5,787,30.0,1,787.png,135.0,0.5,4,dicarlo.Marques2020_orientation_000002020203.png
12,1.0,0.5,788,30.0,1,788.png,180.0,0.5,4,dicarlo.Marques2020_orientation_000002020204.png
12,1.0,0.5,789,30.0,1,789.png,225.0,0.5,4,dicarlo.Marques2020_orientation_000002020205.png
12,1.0,0.5,790,30.0,1,790.png,270.0,0.5,4,dicarlo.Marques2020_orientation_000002020206.png
12,1.0,0.5,791,30.0,1,791.png,315.0,0.5,4,dicarlo.Marques2020_orientation_000002020207.png
12,1.0,0.5,792,45.0,1,792.png,0.0,0.5,4,dicarlo.Marques2020_orientation_000002020300.png
12,1.0,0.5,793,45.0,1,793.png,45.0,0.5,4,dicarlo.Marques2020_orientation_000002020301.png
12,1.0,0.5,794,45.0,1,794.png,90.0,0.5,4,dicarlo.Marques2020_orientation_000002020302.png
12,1.0,0.5,795,45.0,1,795.png,135.0,0.5,4,dicarlo.Marques2020_orientation_000002020303.png
12,1.0,0.5,796,45.0,1,796.png,180.0,0.5,4,dicarlo.Marques2020_orientation_000002020304.png
12,1.0,0.5,797,45.0,1,797.png,225.0,0.5,4,dicarlo.Marques2020_orientation_000002020305.png
12,1.0,0.5,798,45.0,1,798.png,270.0,0.5,4,dicarlo.Marques2020_orientation_000002020306.png
12,1.0,0.5,799,45.0,1,799.png,315.0,0.5,4,dicarlo.Marques2020_orientation_000002020307.png
12,1.0,0.5,800,60.0,1,800.png,0.0,0.5,4,dicarlo.Marques2020_orientation_000002020400.png
12,1.0,0.5,801,60.0,1,801.png,45.0,0.5,4,dicarlo.Marques2020_orientation_000002020401.png
12,1.0,0.5,802,60.0,1,802.png,90.0,0.5,4,dicarlo.Marques2020_orientation_000002020402.png
12,1.0,0.5,803,60.0,1,803.png,135.0,0.5,4,dicarlo.Marques2020_orientation_000002020403.png
12,1.0,0.5,804,60.0,1,804.png,180.0,0.5,4,dicarlo.Marques2020_orientation_000002020404.png
12,1.0,0.5,805,60.0,1,805.png,225.0,0.5,4,dicarlo.Marques2020_orientation_000002020405.png
12,1.0,0.5,806,60.0,1,806.png,270.0,0.5,4,dicarlo.Marques2020_orientation_000002020406.png
12,1.0,0.5,807,60.0,1,807.png,315.0,0.5,4,dicarlo.Marques2020_orientation_000002020407.png
12,1.0,0.5,808,75.0,1,808.png,0.0,0.5,4,dicarlo.Marques2020_orientation_000002020500.png
12,1.0,0.5,809,75.0,1,809.png,45.0,0.5,4,dicarlo.Marques2020_orientation_000002020501.png
12,1.0,0.5,810,75.0,1,810.png,90.0,0.5,4,dicarlo.Marques2020_orientation_000002020502.png
12,1.0,0.5,811,75.0,1,811.png,135.0,0.5,4,dicarlo.Marques2020_orientation_000002020503.png
12,1.0,0.5,812,75.0,1,812.png,180.0,0.5,4,dicarlo.Marques2020_orientation_000002020504.png
12,1.0,0.5,813,75.0,1,813.png,225.0,0.5,4,dicarlo.Marques2020_orientation_000002020505.png
12,1.0,0.5,814,75.0,1,814.png,270.0,0.5,4,dicarlo.Marques2020_orientation_000002020506.png
12,1.0,0.5,815,75.0,1,815.png,315.0,0.5,4,dicarlo.Marques2020_orientation_000002020507.png
12,1.0,0.5,816,90.0,1,816.png,0.0,0.5,4,dicarlo.Marques2020_orientation_000002020600.png
12,1.0,0.5,817,90.0,1,817.png,45.0,0.5,4,dicarlo.Marques2020_orientation_000002020601.png
12,1.0,0.5,818,90.0,1,818.png,90.0,0.5,4,dicarlo.Marques2020_orientation_000002020602.png
12,1.0,0.5,819,90.0,1,819.png,135.0,0.5,4,dicarlo.Marques2020_orientation_000002020603.png
12,1.0,0.5,820,90.0,1,820.png,180.0,0.5,4,dicarlo.Marques2020_orientation_000002020604.png
12,1.0,0.5,821,90.0,1,821.png,225.0,0.5,4,dicarlo.Marques2020_orientation_000002020605.png
12,1.0,0.5,822,90.0,1,822.png,270.0,0.5,4,dicarlo.Marques2020_orientation_000002020606.png
12,1.0,0.5,823,90.0,1,823.png,315.0,0.5,4,dicarlo.Marques2020_orientation_000002020607.png
12,1.0,0.5,824,105.0,1,824.png,0.0,0.5,4,dicarlo.Marques2020_orientation_000002020700.png
12,1.0,0.5,825,105.0,1,825.png,45.0,0.5,4,dicarlo.Marques2020_orientation_000002020701.png
12,1.0,0.5,826,105.0,1,826.png,90.0,0.5,4,dicarlo.Marques2020_orientation_000002020702.png
12,1.0,0.5,827,105.0,1,827.png,135.0,0.5,4,dicarlo.Marques2020_orientation_000002020703.png
12,1.0,0.5,828,105.0,1,828.png,180.0,0.5,4,dicarlo.Marques2020_orientation_000002020704.png
12,1.0,0.5,829,105.0,1,829.png,225.0,0.5,4,dicarlo.Marques2020_orientation_000002020705.png
12,1.0,0.5,830,105.0,1,830.png,270.0,0.5,4,dicarlo.Marques2020_orientation_000002020706.png
12,1.0,0.5,831,105.0,1,831.png,315.0,0.5,4,dicarlo.Marques2020_orientation_000002020707.png
12,1.0,0.5,832,120.0,1,832.png,0.0,0.5,4,dicarlo.Marques2020_orientation_000002020800.png
12,1.0,0.5,833,120.0,1,833.png,45.0,0.5,4,dicarlo.Marques2020_orientation_000002020801.png
12,1.0,0.5,834,120.0,1,834.png,90.0,0.5,4,dicarlo.Marques2020_orientation_000002020802.png
12,1.0,0.5,835,120.0,1,835.png,135.0,0.5,4,dicarlo.Marques2020_orientation_000002020803.png
12,1.0,0.5,836,120.0,1,836.png,180.0,0.5,4,dicarlo.Marques2020_orientation_000002020804.png
12,1.0,0.5,837,120.0,1,837.png,225.0,0.5,4,dicarlo.Marques2020_orientation_000002020805.png
12,1.0,0.5,838,120.0,1,838.png,270.0,0.5,4,dicarlo.Marques2020_orientation_000002020806.png
12,1.0,0.5,839,120.0,1,839.png,315.0,0.5,4,dicarlo.Marques2020_orientation_000002020807.png
12,1.0,0.5,840,135.0,1,840.png,0.0,0.5,4,dicarlo.Marques2020_orientation_000002020900.png
12,1.0,0.5,841,135.0,1,841.png,45.0,0.5,4,dicarlo.Marques2020_orientation_000002020901.png
12,1.0,0.5,842,135.0,1,842.png,90.0,0.5,4,dicarlo.Marques2020_orientation_000002020902.png
12,1.0,0.5,843,135.0,1,843.png,135.0,0.5,4,dicarlo.Marques2020_orientation_000002020903.png
12,1.0,0.5,844,135.0,1,844.png,180.0,0.5,4,dicarlo.Marques2020_orientation_000002020904.png
12,1.0,0.5,845,135.0,1,845.png,225.0,0.5,4,dicarlo.Marques2020_orientation_000002020905.png
12,1.0,0.5,846,135.0,1,846.png,270.0,0.5,4,dicarlo.Marques2020_orientation_000002020906.png
12,1.0,0.5,847,135.0,1,847.png,315.0,0.5,4,dicarlo.Marques2020_orientation_000002020907.png
12,1.0,0.5,848,150.0,1,848.png,0.0,0.5,4,dicarlo.Marques2020_orientation_000002021000.png
12,1.0,0.5,849,150.0,1,849.png,45.0,0.5,4,dicarlo.Marques2020_orientation_000002021001.png
12,1.0,0.5,850,150.0,1,850.png,90.0,0.5,4,dicarlo.Marques2020_orientation_000002021002.png
12,1.0,0.5,851,150.0,1,851.png,135.0,0.5,4,dicarlo.Marques2020_orientation_000002021003.png
12,1.0,0.5,852,150.0,1,852.png,180.0,0.5,4,dicarlo.Marques2020_orientation_000002021004.png
12,1.0,0.5,853,150.0,1,853.png,225.0,0.5,4,dicarlo.Marques2020_orientation_000002021005.png
12,1.0,0.5,854,150.0,1,854.png,270.0,0.5,4,dicarlo.Marques2020_orientation_000002021006.png
12,1.0,0.5,855,150.0,1,855.png,315.0,0.5,4,dicarlo.Marques2020_orientation_000002021007.png
12,1.0,0.5,856,165.0,1,856.png,0.0,0.5,4,dicarlo.Marques2020_orientation_000002021100.png
12,1.0,0.5,857,165.0,1,857.png,45.0,0.5,4,dicarlo.Marques2020_orientation_000002021101.png
12,1.0,0.5,858,165.0,1,858.png,90.0,0.5,4,dicarlo.Marques2020_orientation_000002021102.png
12,1.0,0.5,859,165.0,1,859.png,135.0,0.5,4,dicarlo.Marques2020_orientation_000002021103.png
12,1.0,0.5,860,165.0,1,860.png,180.0,0.5,4,dicarlo.Marques2020_orientation_000002021104.png
12,1.0,0.5,861,165.0,1,861.png,225.0,0.5,4,dicarlo.Marques2020_orientation_000002021105.png
12,1.0,0.5,862,165.0,1,862.png,270.0,0.5,4,dicarlo.Marques2020_orientation_000002021106.png
12,1.0,0.5,863,165.0,1,863.png,315.0,0.5,4,dicarlo.Marques2020_orientation_000002021107.png
