identifier,lookup_type,class,location_type,location,sha1,stimulus_set_identifier
dicarlo.hvm,stimulus_set,StimulusSet,S3,https://brainio.dicarlo.s3.amazonaws.com/image_dicarlo_hvm.csv,a56f55205904d5fb5ead4d0dc7bfad5cc4083b94,
dicarlo.hvm,stimulus_set,,S3,https://brainio.dicarlo.s3.amazonaws.com/image_dicarlo_hvm.zip,6fd5080deccfb061699909ffcb86a26209516811,
gallant.David2004,stimulus_set,StimulusSet,S3,https://brainio.contrib.s3.amazonaws.com/image_gallant_David2004.csv,8ec76338b998cadcdf1e57edd2dd992e2ab2355b,
gallant.David2004,stimulus_set,,S3,https://brainio.contrib.s3.amazonaws.com/image_gallant_David2004.zip,0200421d66a0613946d39cab64c00b561160016e,
tolias.Cadena2017,stimulus_set,StimulusSet,S3,https://brainio.contrib.s3.amazonaws.com/image_tolias_Cadena2017.csv,f55b174cc4540e5612cfba5e695324328064b051,
tolias.Cadena2017,stimulus_set,,S3,https://brainio.contrib.s3.amazonaws.com/image_tolias_Cadena2017.zip,88cc2ce3ef5e197ffd1477144a2e6a68d424ef6c,
movshon.FreemanZiemba2013,stimulus_set,StimulusSet,S3,https://brainio.contrib.s3.amazonaws.com/image_movshon_FreemanZiemba2013.csv,de0e65a25c7de4c1740f48ac9b1ff513dcfa5caf,
movshon.FreemanZiemba2013,stimulus_set,,S3,https://brainio.contrib.s3.amazonaws.com/image_movshon_FreemanZiemba2013.zip,bdfc3ba2d878d6aeaa842f9de6abeae50922f2f2,
dicarlo.objectome.public,stimulus_set,StimulusSet,S3,https://brainio.dicarlo.s3.amazonaws.com/image_dicarlo_objectome_public.csv,47884e17106a3be471d6481279cab33889b80850,
dicarlo.objectome.public,stimulus_set,,S3,https://brainio.dicarlo.s3.amazonaws.com/image_dicarlo_objectome_public.zip,064f2955f98e63867755fee2e3ead8cddf6bfab8,
dicarlo.objectome.private,stimulus_set,StimulusSet,S3,https://brainio.dicarlo.s3.amazonaws.com/image_dicarlo_objectome_private.csv,ac38e8f7c08fa8294ed25a3bf84a6adb108bf3fc,
dicarlo.objectome.private,stimulus_set,,S3,https://brainio.dicarlo.s3.amazonaws.com/image_dicarlo_objectome_private.zip,ccd39f7f9b8b4a92da06e3960d06225e46208593,
dicarlo.Kar2019,stimulus_set,StimulusSet,S3,https://brainio.dicarlo.s3.amazonaws.com/image_dicarlo_Kar2019.csv,7f705bdea02c0a72a76d7f5e7b6963531df818a6,
dicarlo.Kar2019,stimulus_set,,S3,https://brainio.dicarlo.s3.amazonaws.com/image_dicarlo_Kar2019.zip,75ab7b8b499fc8e86c813f717b79d268bcb986be,
dicarlo.Kar2018cocogray,stimulus_set,StimulusSet,S3,https://brainio.dicarlo.s3.amazonaws.com/image_dicarlo_Kar2018cocogray.csv,be9bb267b80fd7ee36a88d025b73ae8a849165da,
dicarlo.Kar2018cocogray,stimulus_set,,S3,https://brainio.dicarlo.s3.amazonaws.com/image_dicarlo_Kar2018cocogray.zip,1457003ee9b27ed51c018237009fe148c6e71fd3,
dicarlo.hvm-public,stimulus_set,StimulusSet,S3,https://brainio.dicarlo.s3.amazonaws.com/image_dicarlo_hvm-public.csv,5ca7a3da00d8e9c694a9cd725df5ba0ad6d735af,
dicarlo.hvm-public,stimulus_set,,S3,https://brainio.dicarlo.s3.amazonaws.com/image_dicarlo_hvm-public.zip,8aa44e038d7b551efa8077467622f9d48d72e473,
dicarlo.hvm-private,stimulus_set,StimulusSet,S3,https://brainio.dicarlo.s3.amazonaws.com/image_dicarlo_hvm-private.csv,6ff4981722fa05feb73a2bd26bbbba8b50dc29a6,
dicarlo.hvm-private,stimulus_set,,S3,https://brainio.dicarlo.s3.amazonaws.com/image_dicarlo_hvm-private.zip,d7b1ca1876dad87e15b0242b4c82c0203ff3cbd3,
movshon.FreemanZiemba2013-public,stimulus_set,StimulusSet,S3,https://brainio.contrib.s3.amazonaws.com/image_movshon_FreemanZiemba2013-public.csv,b4fee824f361fa0b78d7247ed4192b04cd675d4f,
movshon.FreemanZiemba2013-public,stimulus_set,,S3,https://brainio.contrib.s3.amazonaws.com/image_movshon_FreemanZiemba2013-public.zip,e14d691db081ace829f76bb24dfc055a4fa2eaf9,
movshon.FreemanZiemba2013-private,stimulus_set,StimulusSet,S3,https://brainio.contrib.s3.amazonaws.com/image_movshon_FreemanZiemba2013-private.csv,91bab3340410ff5171490a337c5931545f29da82,
movshon.FreemanZiemba2013-private,stimulus_set,,S3,https://brainio.contrib.s3.amazonaws.com/image_movshon_FreemanZiemba2013-private.zip,c2adb4c0f2f0fbbc6006a879234740131ed2dcbb,
klab.Zhang2018.search_obj_array,stimulus_set,StimulusSet,S3,https://brainio.contrib.s3.amazonaws.com/image_klab_Zhang2018_search_obj_array.csv,e9c2f6b35b84256242d257e8d36261aa26d3ed4a,
klab.Zhang2018.search_obj_array,stimulus_set,,S3,https://brainio.contrib.s3.amazonaws.com/image_klab_Zhang2018_search_obj_array.zip,d92dfb20a87bb9a015c77c2862a215e8fa4f2cc3,
movshon.FreemanZiemba2013.aperture-public,stimulus_set,StimulusSet,S3,https://brainio.contrib.s3.amazonaws.com/image_movshon_FreemanZiemba2013_aperture-public.csv,194c9b301a4e3e9cff02481d4c19b39331d52660,
movshon.FreemanZiemba2013.aperture-public,stimulus_set,,S3,https://brainio.contrib.s3.amazonaws.com/image_movshon_FreemanZiemba2013_aperture-public.zip,ad3c6c237491485c863acd2f4d2f219f737e424c,
movshon.FreemanZiemba2013.aperture-private,stimulus_set,StimulusSet,S3,https://brainio.contrib.s3.amazonaws.com/image_movshon_FreemanZiemba2013_aperture-private.csv,65bee31483dd743ae2a19c6af03b9abe5f4d5a41,
movshon.FreemanZiemba2013.aperture-private,stimulus_set,,S3,https://brainio.contrib.s3.amazonaws.com/image_movshon_FreemanZiemba2013_aperture-private.zip,0015c94e01d037994cdde1b2e3d169ab99f380dc,
movshon.FreemanZiemba2013.aperture,stimulus_set,StimulusSet,S3,https://brainio.contrib.s3.amazonaws.com/image_movshon_FreemanZiemba2013_aperture.csv,4205eca54974da46accba7812fce25c1b6df58e0,
movshon.FreemanZiemba2013.aperture,stimulus_set,,S3,https://brainio.contrib.s3.amazonaws.com/image_movshon_FreemanZiemba2013_aperture.zip,ab07880a0770bd73f68bcd5fd34e6cd945ee17fc,
dicarlo.Rajalingham2020orthographic_IT,stimulus_set,StimulusSet,S3,https://brainio.dicarlo.s3.amazonaws.com/image_dicarlo_Rajalingham2020orthographic_IT.csv,3ac9ab73b653ac9cf839f9bfde131354a3766ccd,
dicarlo.Rajalingham2020orthographic_IT,stimulus_set,,S3,https://brainio.dicarlo.s3.amazonaws.com/image_dicarlo_Rajalingham2020orthographic_IT.zip,0e025f6f8b06e803a6d8d1a17bd25a41af3e81db,
dicarlo.MajajHong2015,assembly,NeuronRecordingAssembly,S3,https://brainio.dicarlo.s3.amazonaws.com/assy_dicarlo_MajajHong2015.nc,bf8f8d01010d727e3db3f85a9bd5f95f9456b7ec,dicarlo.hvm
gallant.David2004,assembly,NeuronRecordingAssembly,S3,https://brainio.contrib.s3.amazonaws.com/assy_gallant_David2004.nc,d2ed9834c054da2333f5d894285c9841a1f27313,gallant.David2004
dicarlo.MajajHong2015.temporal,assembly,NeuronRecordingAssembly,S3,https://brainio.dicarlo.s3.amazonaws.com/assy_dicarlo_MajajHong2015_temporal.nc,4c5cfe25ad53162c5c716d64004de269162eff38,dicarlo.hvm
tolias.Cadena2017,assembly,NeuronRecordingAssembly,S3,https://brainio.contrib.s3.amazonaws.com/assy_tolias_Cadena2017.nc,69bcaaa9370dceb0027beaa06235ef418c3d7063,tolias.Cadena2017
movshon.FreemanZiemba2013.noaperture,assembly,NeuronRecordingAssembly,S3,https://brainio.contrib.s3.amazonaws.com/assy_movshon_FreemanZiemba2013_noaperture.nc,6176fd435ab840d284c2c426742c8211622739b5,movshon.FreemanZiemba2013
dicarlo.Rajalingham2018.public,assembly,BehavioralAssembly,S3,https://brainio.dicarlo.s3.amazonaws.com/assy_dicarlo_Rajalingham2018_public.nc,34c6a8b6f7c523589c1861e4123232e5f7c7df4c,dicarlo.objectome.public
dicarlo.Rajalingham2018.private,assembly,BehavioralAssembly,S3,https://brainio.dicarlo.s3.amazonaws.com/assy_dicarlo_Rajalingham2018_private.nc,516f13793d1c5b72bb445bb4008448ce97a02d23,dicarlo.objectome.private
dicarlo.Kar2019,assembly,DataAssembly,S3,https://brainio.dicarlo.s3.amazonaws.com/assy_dicarlo_Kar2019.nc,147717ce397e11d56164d472063a84a83bbcbb94,dicarlo.Kar2019
dicarlo.MajajHong2015.temporal-10ms,assembly,NeuronRecordingAssembly,S3,https://brainio.dicarlo.s3.amazonaws.com/assy_dicarlo_MajajHong2015_temporal-10ms.nc,3a43db05db722b456d156f53b7215413c994e5b5,dicarlo.hvm
dicarlo.Kar2018hvm,assembly,NeuronRecordingAssembly,S3,https://brainio.dicarlo.s3.amazonaws.com/assy_dicarlo_Kar2018hvm.nc,96ccacc76c5fa30ee68bdc8736d1d43ace93f3e7,dicarlo.hvm
dicarlo.Kar2018cocogray,assembly,NeuronRecordingAssembly,S3,https://brainio.dicarlo.s3.amazonaws.com/assy_dicarlo_Kar2018cocogray.nc,4202cb3992a5d71f71a7ca9e28ba3f8b27937b43,dicarlo.Kar2018cocogray
dicarlo.MajajHong2015.public,assembly,NeuronRecordingAssembly,S3,https://brainio.dicarlo.s3.amazonaws.com/assy_dicarlo_MajajHong2015_public.nc,13d28ca0ce88ee550b54db3004374ae19096e9b9,dicarlo.hvm-public
dicarlo.MajajHong2015.private,assembly,NeuronRecordingAssembly,S3,https://brainio.dicarlo.s3.amazonaws.com/assy_dicarlo_MajajHong2015_private.nc,7a40d16148d6f82939155f0bd976d310857fb156,dicarlo.hvm-private
dicarlo.MajajHong2015.temporal.public,assembly,NeuronRecordingAssembly,S3,https://brainio.dicarlo.s3.amazonaws.com/assy_dicarlo_MajajHong2015_temporal_public.nc,093ac35b3e8464c676d24cf38238415d4d6a9448,dicarlo.hvm-public
dicarlo.MajajHong2015.temporal.private,assembly,NeuronRecordingAssembly,S3,https://brainio.dicarlo.s3.amazonaws.com/assy_dicarlo_MajajHong2015_temporal_private.nc,804ea9e7c08ae9ab7a7d705c9c7e68582750e2ea,dicarlo.hvm-private
movshon.FreemanZiemba2013.noaperture.public,assembly,NeuronRecordingAssembly,S3,https://brainio.contrib.s3.amazonaws.com/assy_movshon_FreemanZiemba2013_noaperture_public.nc,68dd9e1da7207dc2ae17dbbb1adf628e922d15fa,movshon.FreemanZiemba2013-public
movshon.FreemanZiemba2013.noaperture.private,assembly,NeuronRecordingAssembly,S3,https://brainio.contrib.s3.amazonaws.com/assy_movshon_FreemanZiemba2013_noaperture_private.nc,9ffa772ce61754f6f5b7b391436680ebc25bb8dd,movshon.FreemanZiemba2013-private
klab.Zhang2018search_obj_array,assembly,BehavioralAssembly,S3,https://brainio.contrib.s3.amazonaws.com/assy_klab_Zhang2018search_obj_array.nc,84400dc814b79df8d8eca99a557df5f741cce4b9,klab.Zhang2018.search_obj_array
movshon.FreemanZiemba2013.public,assembly,NeuronRecordingAssembly,S3,https://brainio.contrib.s3.amazonaws.com/assy_movshon_FreemanZiemba2013_public.nc,761c08f796db4e342555cdb60eef23a4f19ead43,movshon.FreemanZiemba2013.aperture-public
movshon.FreemanZiemba2013.private,assembly,NeuronRecordingAssembly,S3,https://brainio.contrib.s3.amazonaws.com/assy_movshon_FreemanZiemba2013_private.nc,63f636fa2e2b51b47a676768a69b06ce95efdd8f,movshon.FreemanZiemba2013.aperture-private
movshon.FreemanZiemba2013,assembly,NeuronRecordingAssembly,S3,https://brainio.contrib.s3.amazonaws.com/assy_movshon_FreemanZiemba2013.nc,f03f1630f0ab1e2dbd51816b47fbf2916876134e,movshon.FreemanZiemba2013.aperture
dicarlo.Rust2012,stimulus_set,StimulusSet,S3,https://brainio.dicarlo.s3.amazonaws.com/image_dicarlo_Rust2012.csv,482da1f9f4a0ab5433c3b7b57073ad30e45c2bf1,
dicarlo.Rust2012,stimulus_set,,S3,https://brainio.dicarlo.s3.amazonaws.com/image_dicarlo_Rust2012.zip,7cbf5dcec235f7705eaad1cfae202eda77e261a2,
dicarlo.SanghaviMurty2020,assembly,NeuronRecordingAssembly,S3,https://brainio.dicarlo.s3.amazonaws.com/assy_dicarlo_SanghaviMurty2020.nc,6cb8e054688066d1d86d4944e1385efc6a69ebd4,dicarlo.Rust2012
dicarlo.BOLD5000,stimulus_set,StimulusSet,S3,https://brainio.dicarlo.s3.amazonaws.com/image_dicarlo_BOLD5000.csv,51ac47ea03ed2e72864a95065494c2fabe779f6e,
dicarlo.BOLD5000,stimulus_set,,S3,https://brainio.dicarlo.s3.amazonaws.com/image_dicarlo_BOLD5000.zip,1a2e6d782dcd21bbe60460d85d83b13fa76a9543,
dicarlo.SanghaviJozwik2020,assembly,NeuronRecordingAssembly,S3,https://brainio.dicarlo.s3.amazonaws.com/assy_dicarlo_SanghaviJozwik2020.nc,c5841f1e7d2cf0544a6ee010e56e4e2eb0994ee0,dicarlo.BOLD5000
dicarlo.Sanghavi2020,assembly,NeuronRecordingAssembly,S3,https://brainio.dicarlo.s3.amazonaws.com/assy_dicarlo_Sanghavi2020.nc,12e94e9dcda797c851021dfe818b64615c785866,dicarlo.hvm
dicarlo.THINGS1,stimulus_set,StimulusSet,S3,https://brainio.dicarlo.s3.amazonaws.com/image_dicarlo_THINGS1.csv,e02469d805e1b9c1a18403e9b0b8a37ee6da5130,
dicarlo.THINGS1,stimulus_set,,S3,https://brainio.dicarlo.s3.amazonaws.com/image_dicarlo_THINGS1.zip,fb716eb58c303157dd577a70caad5c8079e74e9b,
dicarlo.SanghaviMurty2020THINGS1,assembly,NeuronRecordingAssembly,S3,https://brainio.dicarlo.s3.amazonaws.com/assy_dicarlo_SanghaviMurty2020THINGS1.nc,718def227d38c8425f449512e47a2df81c04de62,dicarlo.THINGS1
dicarlo.THINGS2,stimulus_set,StimulusSet,S3,https://brainio.dicarlo.s3.amazonaws.com/image_dicarlo_THINGS2.csv,86c8beda8f495cd69ed047d3457902dd98e4904c,
dicarlo.THINGS2,stimulus_set,,S3,https://brainio.dicarlo.s3.amazonaws.com/image_dicarlo_THINGS2.zip,e7918dd10102b67464bc652fdb3ced25ee1fbe7a,
dicarlo.SanghaviMurty2020THINGS2,assembly,NeuronRecordingAssembly,S3,https://brainio.dicarlo.s3.amazonaws.com/assy_dicarlo_SanghaviMurty2020THINGS2.nc,80962139823cb145e2385c344e3945e99ed97fa2,dicarlo.THINGS2
dietterich.Hendrycks2019.gaussian_noise_1,stimulus_set,StimulusSet,S3,https://brainio-contrib.s3.amazonaws.com/image_dietterich_Hendrycks2019_gaussian_noise_1.csv,9c5b563277144d94301c3b588e9c254fd91e8a77,
dietterich.Hendrycks2019.gaussian_noise_1,stimulus_set,,S3,https://brainio-contrib.s3.amazonaws.com/image_dietterich_Hendrycks2019_gaussian_noise_1.zip,413bca897ed5a9695f08ca71c820263f696c1231,
dietterich.Hendrycks2019.shot_noise_1,stimulus_set,StimulusSet,S3,https://brainio-contrib.s3.amazonaws.com/image_dietterich_Hendrycks2019_shot_noise_1.csv,f29314e472f27bcec82b3cb94141efac650c9d99,
dietterich.Hendrycks2019.shot_noise_1,stimulus_set,,S3,https://brainio-contrib.s3.amazonaws.com/image_dietterich_Hendrycks2019_shot_noise_1.zip,2dda2017187e0b584cb071bbc4ebdb6cd4a90226,
dietterich.Hendrycks2019.impulse_noise_1,stimulus_set,StimulusSet,S3,https://brainio-contrib.s3.amazonaws.com/image_dietterich_Hendrycks2019_impulse_noise_1.csv,d9c65455e7afbaa2f4ac6505153a6933d8de9bf0,
dietterich.Hendrycks2019.impulse_noise_1,stimulus_set,,S3,https://brainio-contrib.s3.amazonaws.com/image_dietterich_Hendrycks2019_impulse_noise_1.zip,e3a2bdf9550d90f74beaf22e1918f4ef9d4e2b24,
dietterich.Hendrycks2019.defocus_blur_1,stimulus_set,StimulusSet,S3,https://brainio-contrib.s3.amazonaws.com/image_dietterich_Hendrycks2019_defocus_blur_1.csv,f88880cf342c91ccddf6ade315a92f9b25124bf7,
dietterich.Hendrycks2019.defocus_blur_1,stimulus_set,,S3,https://brainio-contrib.s3.amazonaws.com/image_dietterich_Hendrycks2019_defocus_blur_1.zip,20ae65f7743b5203997f16fce37a5a1d9890a5bb,
dietterich.Hendrycks2019.glass_blur_1,stimulus_set,StimulusSet,S3,https://brainio-contrib.s3.amazonaws.com/image_dietterich_Hendrycks2019_glass_blur_1.csv,28f418baaf0cc4b39b20adcdfc538d57f53ae53b,
dietterich.Hendrycks2019.glass_blur_1,stimulus_set,,S3,https://brainio-contrib.s3.amazonaws.com/image_dietterich_Hendrycks2019_glass_blur_1.zip,dd00cb9942492a5e353afab2d6a6d72d588cecdd,
dietterich.Hendrycks2019.motion_blur_1,stimulus_set,StimulusSet,S3,https://brainio-contrib.s3.amazonaws.com/image_dietterich_Hendrycks2019_motion_blur_1.csv,8367bbd664ac0db370d29117be72dae2708578d6,
dietterich.Hendrycks2019.motion_blur_1,stimulus_set,,S3,https://brainio-contrib.s3.amazonaws.com/image_dietterich_Hendrycks2019_motion_blur_1.zip,e9a9044839683e4b7685a03884e55bf8700b9dab,
dietterich.Hendrycks2019.zoom_blur_1,stimulus_set,StimulusSet,S3,https://brainio-contrib.s3.amazonaws.com/image_dietterich_Hendrycks2019_zoom_blur_1.csv,7ab6881bd10d0a79fc8af11c12197cc10dd962d0,
dietterich.Hendrycks2019.zoom_blur_1,stimulus_set,,S3,https://brainio-contrib.s3.amazonaws.com/image_dietterich_Hendrycks2019_zoom_blur_1.zip,02f99fa1992611c67e5367e57f5752ad79c7508f,
dietterich.Hendrycks2019.snow_1,stimulus_set,StimulusSet,S3,https://brainio-contrib.s3.amazonaws.com/image_dietterich_Hendrycks2019_snow_1.csv,f7bccbaa4856c39aafef8ec91bc162297c9e47d3,
dietterich.Hendrycks2019.snow_1,stimulus_set,,S3,https://brainio-contrib.s3.amazonaws.com/image_dietterich_Hendrycks2019_snow_1.zip,bf129640b5ee23ee30e98200b8bfe1a7b9b36f25,
dietterich.Hendrycks2019.frost_1,stimulus_set,StimulusSet,S3,https://brainio-contrib.s3.amazonaws.com/image_dietterich_Hendrycks2019_frost_1.csv,f7bccbaa4856c39aafef8ec91bc162297c9e47d3,
dietterich.Hendrycks2019.frost_1,stimulus_set,,S3,https://brainio-contrib.s3.amazonaws.com/image_dietterich_Hendrycks2019_frost_1.zip,ccbe32e88e9a8a5ccf2333e9490ed1bd3e4a3850,
dietterich.Hendrycks2019.fog_1,stimulus_set,StimulusSet,S3,https://brainio-contrib.s3.amazonaws.com/image_dietterich_Hendrycks2019_fog_1.csv,3ffb074b55acd8f1418f2c30558efc8940f88098,
dietterich.Hendrycks2019.fog_1,stimulus_set,,S3,https://brainio-contrib.s3.amazonaws.com/image_dietterich_Hendrycks2019_fog_1.zip,ae673757539b9d462b77839e9a50914a2bd35550,
dietterich.Hendrycks2019.brightness_1,stimulus_set,StimulusSet,S3,https://brainio-contrib.s3.amazonaws.com/image_dietterich_Hendrycks2019_brightness_1.csv,e2b5d5a68f36c39fb89d1a0c9297a731ed3a386a,
dietterich.Hendrycks2019.brightness_1,stimulus_set,,S3,https://brainio-contrib.s3.amazonaws.com/image_dietterich_Hendrycks2019_brightness_1.zip,d51c8dad449c2449f3049d577d6060c885243d13,
dietterich.Hendrycks2019.contrast_1,stimulus_set,StimulusSet,S3,https://brainio-contrib.s3.amazonaws.com/image_dietterich_Hendrycks2019_contrast_1.csv,b10b20b6c79561887db97e57de43cc8aff48a417,
dietterich.Hendrycks2019.contrast_1,stimulus_set,,S3,https://brainio-contrib.s3.amazonaws.com/image_dietterich_Hendrycks2019_contrast_1.zip,fde681c7828354784c84089670e2a971172ef0b6,
dietterich.Hendrycks2019.elastic_transform_1,stimulus_set,StimulusSet,S3,https://brainio-contrib.s3.amazonaws.com/image_dietterich_Hendrycks2019_elastic_transform_1.csv,d3c737d3090d8f62759ca1c520be3c0d51b449b6,
dietterich.Hendrycks2019.elastic_transform_1,stimulus_set,,S3,https://brainio-contrib.s3.amazonaws.com/image_dietterich_Hendrycks2019_elastic_transform_1.zip,73981c798206c9ab2be7e2b68bfd9bf5fd56228a,
dietterich.Hendrycks2019.pixelate_1,stimulus_set,StimulusSet,S3,https://brainio-contrib.s3.amazonaws.com/image_dietterich_Hendrycks2019_pixelate_1.csv,a1b5fea2dc45e2b418a6422b4ee05ebf62298a73,
dietterich.Hendrycks2019.pixelate_1,stimulus_set,,S3,https://brainio-contrib.s3.amazonaws.com/image_dietterich_Hendrycks2019_pixelate_1.zip,b9a0a5fb468c73a368989600d1396917e8e932af,
dietterich.Hendrycks2019.jpeg_compression_1,stimulus_set,StimulusSet,S3,https://brainio-contrib.s3.amazonaws.com/image_dietterich_Hendrycks2019_jpeg_compression_1.csv,d26c30159a6e1f8ce4e7cde0b111cbfb016d98b5,
dietterich.Hendrycks2019.jpeg_compression_1,stimulus_set,,S3,https://brainio-contrib.s3.amazonaws.com/image_dietterich_Hendrycks2019_jpeg_compression_1.zip,0cf78ddc744f2b2990a35566a7853b573194f60d,
dietterich.Hendrycks2019.gaussian_noise_2,stimulus_set,StimulusSet,S3,https://brainio-contrib.s3.amazonaws.com/image_dietterich_Hendrycks2019_gaussian_noise_2.csv,cd7a408d18c80e1f4f58702f4dd9e5042407843a,
dietterich.Hendrycks2019.gaussian_noise_2,stimulus_set,,S3,https://brainio-contrib.s3.amazonaws.com/image_dietterich_Hendrycks2019_gaussian_noise_2.zip,e5f4ee74d320663c949e7ab26514c5134cdd173b,
dietterich.Hendrycks2019.shot_noise_2,stimulus_set,StimulusSet,S3,https://brainio-contrib.s3.amazonaws.com/image_dietterich_Hendrycks2019_shot_noise_2.csv,f88880cf342c91ccddf6ade315a92f9b25124bf7,
dietterich.Hendrycks2019.shot_noise_2,stimulus_set,,S3,https://brainio-contrib.s3.amazonaws.com/image_dietterich_Hendrycks2019_shot_noise_2.zip,2bfac5c92840a11cb2a3b12c1f04a7447f15ca84,
dietterich.Hendrycks2019.impulse_noise_2,stimulus_set,StimulusSet,S3,https://brainio-contrib.s3.amazonaws.com/image_dietterich_Hendrycks2019_impulse_noise_2.csv,7edf9b2ef13b442fd91c2e113bc1502396883bce,
dietterich.Hendrycks2019.impulse_noise_2,stimulus_set,,S3,https://brainio-contrib.s3.amazonaws.com/image_dietterich_Hendrycks2019_impulse_noise_2.zip,98e29843d05df15c86a4a7a787f78121f89c0bba,
dietterich.Hendrycks2019.defocus_blur_2,stimulus_set,StimulusSet,S3,https://brainio-contrib.s3.amazonaws.com/image_dietterich_Hendrycks2019_defocus_blur_2.csv,a97af0cfb9984b97a138ac4944f5ec242d8f334d,
dietterich.Hendrycks2019.defocus_blur_2,stimulus_set,,S3,https://brainio-contrib.s3.amazonaws.com/image_dietterich_Hendrycks2019_defocus_blur_2.zip,58ee6a065a5aedb6094e6f75ca216e727d885517,
dietterich.Hendrycks2019.glass_blur_2,stimulus_set,StimulusSet,S3,https://brainio-contrib.s3.amazonaws.com/image_dietterich_Hendrycks2019_glass_blur_2.csv,da72f3a1cd67dd2f5674fce3772182e550663286,
dietterich.Hendrycks2019.glass_blur_2,stimulus_set,,S3,https://brainio-contrib.s3.amazonaws.com/image_dietterich_Hendrycks2019_glass_blur_2.zip,359d4d4963ab2196da14f1386c5e762d16ea11e0,
dietterich.Hendrycks2019.motion_blur_2,stimulus_set,StimulusSet,S3,https://brainio-contrib.s3.amazonaws.com/image_dietterich_Hendrycks2019_motion_blur_2.csv,79c603c1d7e412f2b28475ef8ad143aa46066147,
dietterich.Hendrycks2019.motion_blur_2,stimulus_set,,S3,https://brainio-contrib.s3.amazonaws.com/image_dietterich_Hendrycks2019_motion_blur_2.zip,da9a1257d3c4262e0dd73b9a05f4bb9d4bd6fe2c,
dietterich.Hendrycks2019.zoom_blur_2,stimulus_set,StimulusSet,S3,https://brainio-contrib.s3.amazonaws.com/image_dietterich_Hendrycks2019_zoom_blur_2.csv,98c7f206ad99fe8747d52eef6b00008cb58efc6d,
dietterich.Hendrycks2019.zoom_blur_2,stimulus_set,,S3,https://brainio-contrib.s3.amazonaws.com/image_dietterich_Hendrycks2019_zoom_blur_2.zip,140cbdabc13470f73be7bad26538967efb8e11f4,
dietterich.Hendrycks2019.snow_2,stimulus_set,StimulusSet,S3,https://brainio-contrib.s3.amazonaws.com/image_dietterich_Hendrycks2019_snow_2.csv,a59a1e64df07643ecd92780e3c95fdb11e77e8ea,
dietterich.Hendrycks2019.snow_2,stimulus_set,,S3,https://brainio-contrib.s3.amazonaws.com/image_dietterich_Hendrycks2019_snow_2.zip,1700a44ad791b93f2943fad717ce1173a9d90141,
dietterich.Hendrycks2019.frost_2,stimulus_set,StimulusSet,S3,https://brainio-contrib.s3.amazonaws.com/image_dietterich_Hendrycks2019_frost_2.csv,09ff55c44db85f5a5a5d0146563757ddfef08da3,
dietterich.Hendrycks2019.frost_2,stimulus_set,,S3,https://brainio-contrib.s3.amazonaws.com/image_dietterich_Hendrycks2019_frost_2.zip,b8cc6b8007973eb383cf3870fd8176408183d192,
dietterich.Hendrycks2019.fog_2,stimulus_set,StimulusSet,S3,https://brainio-contrib.s3.amazonaws.com/image_dietterich_Hendrycks2019_fog_2.csv,b39be520c8c067b2d9d529d9e9cccadc2cc3f70e,
dietterich.Hendrycks2019.fog_2,stimulus_set,,S3,https://brainio-contrib.s3.amazonaws.com/image_dietterich_Hendrycks2019_fog_2.zip,09e25e120d65ae51ffba4d8771be5c26fb2ec445,
dietterich.Hendrycks2019.brightness_2,stimulus_set,StimulusSet,S3,https://brainio-contrib.s3.amazonaws.com/image_dietterich_Hendrycks2019_brightness_2.csv,f29314e472f27bcec82b3cb94141efac650c9d99,
dietterich.Hendrycks2019.brightness_2,stimulus_set,,S3,https://brainio-contrib.s3.amazonaws.com/image_dietterich_Hendrycks2019_brightness_2.zip,04611d43d83a20c66eee9cd6936ab36a6757fed6,
dietterich.Hendrycks2019.contrast_2,stimulus_set,StimulusSet,S3,https://brainio-contrib.s3.amazonaws.com/image_dietterich_Hendrycks2019_contrast_2.csv,a5f16518cadcc07208853ac3fac459dcd5fbbe42,
dietterich.Hendrycks2019.contrast_2,stimulus_set,,S3,https://brainio-contrib.s3.amazonaws.com/image_dietterich_Hendrycks2019_contrast_2.zip,e20535f036264bbcde6eebf2a2eb069b9bca4b99,
dietterich.Hendrycks2019.elastic_transform_2,stimulus_set,StimulusSet,S3,https://brainio-contrib.s3.amazonaws.com/image_dietterich_Hendrycks2019_elastic_transform_2.csv,a4b3c6e00910c144023b717bce4543d5c8608ebd,
dietterich.Hendrycks2019.elastic_transform_2,stimulus_set,,S3,https://brainio-contrib.s3.amazonaws.com/image_dietterich_Hendrycks2019_elastic_transform_2.zip,c0ee85d2dfd8d96e613d9ffb4e2bab2641f175af,
dietterich.Hendrycks2019.pixelate_2,stimulus_set,StimulusSet,S3,https://brainio-contrib.s3.amazonaws.com/image_dietterich_Hendrycks2019_pixelate_2.csv,723bbdd17833039b504c1667eadc9647efd27967,
dietterich.Hendrycks2019.pixelate_2,stimulus_set,,S3,https://brainio-contrib.s3.amazonaws.com/image_dietterich_Hendrycks2019_pixelate_2.zip,3e2807f805871485b8c56e437fa57d6b03eb9f4b,
dietterich.Hendrycks2019.jpeg_compression_2,stimulus_set,StimulusSet,S3,https://brainio-contrib.s3.amazonaws.com/image_dietterich_Hendrycks2019_jpeg_compression_2.csv,a5f16518cadcc07208853ac3fac459dcd5fbbe42,
dietterich.Hendrycks2019.jpeg_compression_2,stimulus_set,,S3,https://brainio-contrib.s3.amazonaws.com/image_dietterich_Hendrycks2019_jpeg_compression_2.zip,4519b7b35b04d859157f9071de6227d45fde6b08,
dietterich.Hendrycks2019.gaussian_noise_3,stimulus_set,StimulusSet,S3,https://brainio-contrib.s3.amazonaws.com/image_dietterich_Hendrycks2019_gaussian_noise_3.csv,9b6f3aebe137537ef3e7a9274c9d0d7d993360e6,
dietterich.Hendrycks2019.gaussian_noise_3,stimulus_set,,S3,https://brainio-contrib.s3.amazonaws.com/image_dietterich_Hendrycks2019_gaussian_noise_3.zip,1659d0bd6ebc853737be843ee327bf6021ad7e48,
dietterich.Hendrycks2019.shot_noise_3,stimulus_set,StimulusSet,S3,https://brainio-contrib.s3.amazonaws.com/image_dietterich_Hendrycks2019_shot_noise_3.csv,41189b832cfa499321c5af58e366a2b3a8c1f8f1,
dietterich.Hendrycks2019.shot_noise_3,stimulus_set,,S3,https://brainio-contrib.s3.amazonaws.com/image_dietterich_Hendrycks2019_shot_noise_3.zip,3712987c3c9c223f2e67d625b0627c8604325d6f,
dietterich.Hendrycks2019.impulse_noise_3,stimulus_set,StimulusSet,S3,https://brainio-contrib.s3.amazonaws.com/image_dietterich_Hendrycks2019_impulse_noise_3.csv,d5009d87995ac7ac86423365023f562f0d7e2c66,
dietterich.Hendrycks2019.impulse_noise_3,stimulus_set,,S3,https://brainio-contrib.s3.amazonaws.com/image_dietterich_Hendrycks2019_impulse_noise_3.zip,c3b6bc8f0df7f48b91960dc73c63371d1857be25,
dietterich.Hendrycks2019.defocus_blur_3,stimulus_set,StimulusSet,S3,https://brainio-contrib.s3.amazonaws.com/image_dietterich_Hendrycks2019_defocus_blur_3.csv,3678c49bfbe8d951013787e2978228e89be1dfca,
dietterich.Hendrycks2019.defocus_blur_3,stimulus_set,,S3,https://brainio-contrib.s3.amazonaws.com/image_dietterich_Hendrycks2019_defocus_blur_3.zip,f033547d80f9b0f74df9172661a9688248469805,
dietterich.Hendrycks2019.glass_blur_3,stimulus_set,StimulusSet,S3,https://brainio-contrib.s3.amazonaws.com/image_dietterich_Hendrycks2019_glass_blur_3.csv,3e62c5e11108db0531d678abfad19b507e9a5ceb,
dietterich.Hendrycks2019.glass_blur_3,stimulus_set,,S3,https://brainio-contrib.s3.amazonaws.com/image_dietterich_Hendrycks2019_glass_blur_3.zip,93025d2c849d7f00cbcd4bf57f8cde64a098ee46,
dietterich.Hendrycks2019.motion_blur_3,stimulus_set,StimulusSet,S3,https://brainio-contrib.s3.amazonaws.com/image_dietterich_Hendrycks2019_motion_blur_3.csv,943ed75b940343a3ad6d20a39dca9096131c2cd1,
dietterich.Hendrycks2019.motion_blur_3,stimulus_set,,S3,https://brainio-contrib.s3.amazonaws.com/image_dietterich_Hendrycks2019_motion_blur_3.zip,b0faa6c8d4046776742188de0c139d5eeb83376a,
dietterich.Hendrycks2019.zoom_blur_3,stimulus_set,StimulusSet,S3,https://brainio-contrib.s3.amazonaws.com/image_dietterich_Hendrycks2019_zoom_blur_3.csv,f7bccbaa4856c39aafef8ec91bc162297c9e47d3,
dietterich.Hendrycks2019.zoom_blur_3,stimulus_set,,S3,https://brainio-contrib.s3.amazonaws.com/image_dietterich_Hendrycks2019_zoom_blur_3.zip,da478f67b373b52593ca58312d0d497e87cfcdad,
dietterich.Hendrycks2019.snow_3,stimulus_set,StimulusSet,S3,https://brainio-contrib.s3.amazonaws.com/image_dietterich_Hendrycks2019_snow_3.csv,b39be520c8c067b2d9d529d9e9cccadc2cc3f70e,
dietterich.Hendrycks2019.snow_3,stimulus_set,,S3,https://brainio-contrib.s3.amazonaws.com/image_dietterich_Hendrycks2019_snow_3.zip,8b1624ebd939091dea0c2ac6219db06bf47f13a4,
dietterich.Hendrycks2019.frost_3,stimulus_set,StimulusSet,S3,https://brainio-contrib.s3.amazonaws.com/image_dietterich_Hendrycks2019_frost_3.csv,3ffb074b55acd8f1418f2c30558efc8940f88098,
dietterich.Hendrycks2019.frost_3,stimulus_set,,S3,https://brainio-contrib.s3.amazonaws.com/image_dietterich_Hendrycks2019_frost_3.zip,112cc1fbc0d68517669adbd321ed35873939d975,
dietterich.Hendrycks2019.fog_3,stimulus_set,StimulusSet,S3,https://brainio-contrib.s3.amazonaws.com/image_dietterich_Hendrycks2019_fog_3.csv,723bbdd17833039b504c1667eadc9647efd27967,
dietterich.Hendrycks2019.fog_3,stimulus_set,,S3,https://brainio-contrib.s3.amazonaws.com/image_dietterich_Hendrycks2019_fog_3.zip,d622b07c49c3aefa09c745f52780c56fe363a75e,
dietterich.Hendrycks2019.brightness_3,stimulus_set,StimulusSet,S3,https://brainio-contrib.s3.amazonaws.com/image_dietterich_Hendrycks2019_brightness_3.csv,7ab6881bd10d0a79fc8af11c12197cc10dd962d0,
dietterich.Hendrycks2019.brightness_3,stimulus_set,,S3,https://brainio-contrib.s3.amazonaws.com/image_dietterich_Hendrycks2019_brightness_3.zip,9fdbb0ed953dec67d3f560ab313e6b8f36112779,
dietterich.Hendrycks2019.contrast_3,stimulus_set,StimulusSet,S3,https://brainio-contrib.s3.amazonaws.com/image_dietterich_Hendrycks2019_contrast_3.csv,0adbe481ba79f145961c13d4cbd6997112d5d1b4,
dietterich.Hendrycks2019.contrast_3,stimulus_set,,S3,https://brainio-contrib.s3.amazonaws.com/image_dietterich_Hendrycks2019_contrast_3.zip,d8b3a6fc7ee97096bca206d5d86958ac49bdbd49,
dietterich.Hendrycks2019.elastic_transform_3,stimulus_set,StimulusSet,S3,https://brainio-contrib.s3.amazonaws.com/image_dietterich_Hendrycks2019_elastic_transform_3.csv,0a216f5a24d47ef9ccf984dc5163c87035e5897e,
dietterich.Hendrycks2019.elastic_transform_3,stimulus_set,,S3,https://brainio-contrib.s3.amazonaws.com/image_dietterich_Hendrycks2019_elastic_transform_3.zip,514e79358672552a280024891a57295485075c28,
dietterich.Hendrycks2019.pixelate_3,stimulus_set,StimulusSet,S3,https://brainio-contrib.s3.amazonaws.com/image_dietterich_Hendrycks2019_pixelate_3.csv,7565964c95f7e516bf6dca2c34a60f518ebb7291,
dietterich.Hendrycks2019.pixelate_3,stimulus_set,,S3,https://brainio-contrib.s3.amazonaws.com/image_dietterich_Hendrycks2019_pixelate_3.zip,384d8f566a53e91ad97aa617ac27dbcf4a3fa19b,
dietterich.Hendrycks2019.jpeg_compression_3,stimulus_set,StimulusSet,S3,https://brainio-contrib.s3.amazonaws.com/image_dietterich_Hendrycks2019_jpeg_compression_3.csv,bf1f84f9f784ea86e7e4f93bd76c3dea9aa380b7,
dietterich.Hendrycks2019.jpeg_compression_3,stimulus_set,,S3,https://brainio-contrib.s3.amazonaws.com/image_dietterich_Hendrycks2019_jpeg_compression_3.zip,6fa7aa3302ed00ff712916fcec747230c7fc8079,
dietterich.Hendrycks2019.gaussian_noise_4,stimulus_set,StimulusSet,S3,https://brainio-contrib.s3.amazonaws.com/image_dietterich_Hendrycks2019_gaussian_noise_4.csv,97ecd1ba400766c59cbc8113789fea1cc3625498,
dietterich.Hendrycks2019.gaussian_noise_4,stimulus_set,,S3,https://brainio-contrib.s3.amazonaws.com/image_dietterich_Hendrycks2019_gaussian_noise_4.zip,6ea2de8b8c1e3dea29bd0ebb2f4ce50424659e04,
dietterich.Hendrycks2019.shot_noise_4,stimulus_set,StimulusSet,S3,https://brainio-contrib.s3.amazonaws.com/image_dietterich_Hendrycks2019_shot_noise_4.csv,a48df1bb7b24ff0630a0cd19694913613daada2d,
dietterich.Hendrycks2019.shot_noise_4,stimulus_set,,S3,https://brainio-contrib.s3.amazonaws.com/image_dietterich_Hendrycks2019_shot_noise_4.zip,0dc062d5a4925bb24cd61d527bd222eeac6aca04,
dietterich.Hendrycks2019.impulse_noise_4,stimulus_set,StimulusSet,S3,https://brainio-contrib.s3.amazonaws.com/image_dietterich_Hendrycks2019_impulse_noise_4.csv,09ff55c44db85f5a5a5d0146563757ddfef08da3,
dietterich.Hendrycks2019.impulse_noise_4,stimulus_set,,S3,https://brainio-contrib.s3.amazonaws.com/image_dietterich_Hendrycks2019_impulse_noise_4.zip,c05c8f35b80a1cfee22db4f38179bf77555aeb3f,
dietterich.Hendrycks2019.defocus_blur_4,stimulus_set,StimulusSet,S3,https://brainio-contrib.s3.amazonaws.com/image_dietterich_Hendrycks2019_defocus_blur_4.csv,f89a8b0c65eabb4c7fb94acbe2bee6df0515ee1f,
dietterich.Hendrycks2019.defocus_blur_4,stimulus_set,,S3,https://brainio-contrib.s3.amazonaws.com/image_dietterich_Hendrycks2019_defocus_blur_4.zip,4b7e4c8fb73b368f152abfc7d69add8e02c5b6b6,
dietterich.Hendrycks2019.glass_blur_4,stimulus_set,StimulusSet,S3,https://brainio-contrib.s3.amazonaws.com/image_dietterich_Hendrycks2019_glass_blur_4.csv,7edf9b2ef13b442fd91c2e113bc1502396883bce,
dietterich.Hendrycks2019.glass_blur_4,stimulus_set,,S3,https://brainio-contrib.s3.amazonaws.com/image_dietterich_Hendrycks2019_glass_blur_4.zip,6e5dad498e5f2e3b8364510a0005522faaf3f726,
dietterich.Hendrycks2019.motion_blur_4,stimulus_set,StimulusSet,S3,https://brainio-contrib.s3.amazonaws.com/image_dietterich_Hendrycks2019_motion_blur_4.csv,9a18f52579af8006cd64023fcba6f40bee417c2c,
dietterich.Hendrycks2019.motion_blur_4,stimulus_set,,S3,https://brainio-contrib.s3.amazonaws.com/image_dietterich_Hendrycks2019_motion_blur_4.zip,aba794b96f9a3f1a557d9417283038702dae399e,
dietterich.Hendrycks2019.zoom_blur_4,stimulus_set,StimulusSet,S3,https://brainio-contrib.s3.amazonaws.com/image_dietterich_Hendrycks2019_zoom_blur_4.csv,a59a1e64df07643ecd92780e3c95fdb11e77e8ea,
dietterich.Hendrycks2019.zoom_blur_4,stimulus_set,,S3,https://brainio-contrib.s3.amazonaws.com/image_dietterich_Hendrycks2019_zoom_blur_4.zip,c0f8610370046ddd6ad506f22c2c7000a99c68dc,
dietterich.Hendrycks2019.snow_4,stimulus_set,StimulusSet,S3,https://brainio-contrib.s3.amazonaws.com/image_dietterich_Hendrycks2019_snow_4.csv,1a135a8b7275b535eda52b7acb29092a5b08d67c,
dietterich.Hendrycks2019.snow_4,stimulus_set,,S3,https://brainio-contrib.s3.amazonaws.com/image_dietterich_Hendrycks2019_snow_4.zip,9d761d4490987b0ab981ed7ddf19f60505c4ac1f,
dietterich.Hendrycks2019.frost_4,stimulus_set,StimulusSet,S3,https://brainio-contrib.s3.amazonaws.com/image_dietterich_Hendrycks2019_frost_4.csv,d73d4b8737fd0f2ea2d00246189792411781dd82,
dietterich.Hendrycks2019.frost_4,stimulus_set,,S3,https://brainio-contrib.s3.amazonaws.com/image_dietterich_Hendrycks2019_frost_4.zip,b41ba9b0ea4996263b7490460d547afcb61565da,
dietterich.Hendrycks2019.fog_4,stimulus_set,StimulusSet,S3,https://brainio-contrib.s3.amazonaws.com/image_dietterich_Hendrycks2019_fog_4.csv,61398817b0680bfc79700f5a338c192439b3b7bd,
dietterich.Hendrycks2019.fog_4,stimulus_set,,S3,https://brainio-contrib.s3.amazonaws.com/image_dietterich_Hendrycks2019_fog_4.zip,ecc793606269a4c28affd22635c750cb676b8ece,
dietterich.Hendrycks2019.brightness_4,stimulus_set,StimulusSet,S3,https://brainio-contrib.s3.amazonaws.com/image_dietterich_Hendrycks2019_brightness_4.csv,7edf9b2ef13b442fd91c2e113bc1502396883bce,
dietterich.Hendrycks2019.brightness_4,stimulus_set,,S3,https://brainio-contrib.s3.amazonaws.com/image_dietterich_Hendrycks2019_brightness_4.zip,35ba9d249b88af171ebdea98b91010081f6f46cb,
dietterich.Hendrycks2019.contrast_4,stimulus_set,StimulusSet,S3,https://brainio-contrib.s3.amazonaws.com/image_dietterich_Hendrycks2019_contrast_4.csv,a48df1bb7b24ff0630a0cd19694913613daada2d,
dietterich.Hendrycks2019.contrast_4,stimulus_set,,S3,https://brainio-contrib.s3.amazonaws.com/image_dietterich_Hendrycks2019_contrast_4.zip,d4339d17b1207a5be335c142694d91284dcfbc0c,
dietterich.Hendrycks2019.elastic_transform_4,stimulus_set,StimulusSet,S3,https://brainio-contrib.s3.amazonaws.com/image_dietterich_Hendrycks2019_elastic_transform_4.csv,25b874c9a88bb067e9cdf3fa1c41aaacbc878da5,
dietterich.Hendrycks2019.elastic_transform_4,stimulus_set,,S3,https://brainio-contrib.s3.amazonaws.com/image_dietterich_Hendrycks2019_elastic_transform_4.zip,9ea210d89836e66bb5dd07f0277aae2e96fbda03,
dietterich.Hendrycks2019.pixelate_4,stimulus_set,StimulusSet,S3,https://brainio-contrib.s3.amazonaws.com/image_dietterich_Hendrycks2019_pixelate_4.csv,d83a4271961ce2ef2d80f93dbccfb16faea38f56,
dietterich.Hendrycks2019.pixelate_4,stimulus_set,,S3,https://brainio-contrib.s3.amazonaws.com/image_dietterich_Hendrycks2019_pixelate_4.zip,d222711c37cc2876c47c34b262a11db82ac3853b,
dietterich.Hendrycks2019.jpeg_compression_4,stimulus_set,StimulusSet,S3,https://brainio-contrib.s3.amazonaws.com/image_dietterich_Hendrycks2019_jpeg_compression_4.csv,dcce3b25bfdb3bb4b06803c98246b579ce68908a,
dietterich.Hendrycks2019.jpeg_compression_4,stimulus_set,,S3,https://brainio-contrib.s3.amazonaws.com/image_dietterich_Hendrycks2019_jpeg_compression_4.zip,ba3b7e79974ea422e0a47a408f81788dcc27fc3f,
dietterich.Hendrycks2019.gaussian_noise_5,stimulus_set,StimulusSet,S3,https://brainio-contrib.s3.amazonaws.com/image_dietterich_Hendrycks2019_gaussian_noise_5.csv,6d8e697523308f06dfc5e277790c8521ca48ba61,
dietterich.Hendrycks2019.gaussian_noise_5,stimulus_set,,S3,https://brainio-contrib.s3.amazonaws.com/image_dietterich_Hendrycks2019_gaussian_noise_5.zip,0a209b7dda5684cc1fa1a2ab2a6e648c92bb1a47,
dietterich.Hendrycks2019.shot_noise_5,stimulus_set,StimulusSet,S3,https://brainio-contrib.s3.amazonaws.com/image_dietterich_Hendrycks2019_shot_noise_5.csv,becb9c37fc1bacca937eb058a7edc6a097064dce,
dietterich.Hendrycks2019.shot_noise_5,stimulus_set,,S3,https://brainio-contrib.s3.amazonaws.com/image_dietterich_Hendrycks2019_shot_noise_5.zip,649537c4c397a765e105b1c52749a37e74d65348,
dietterich.Hendrycks2019.impulse_noise_5,stimulus_set,StimulusSet,S3,https://brainio-contrib.s3.amazonaws.com/image_dietterich_Hendrycks2019_impulse_noise_5.csv,048b4cd168ced0bc4f92f67aa18d18c55dd7cd07,
dietterich.Hendrycks2019.impulse_noise_5,stimulus_set,,S3,https://brainio-contrib.s3.amazonaws.com/image_dietterich_Hendrycks2019_impulse_noise_5.zip,f7723086fd10f937e65386a6ad85524ffd001215,
dietterich.Hendrycks2019.defocus_blur_5,stimulus_set,StimulusSet,S3,https://brainio-contrib.s3.amazonaws.com/image_dietterich_Hendrycks2019_defocus_blur_5.csv,d62293a7f522159366d53b96ca89d45be7e70d30,
dietterich.Hendrycks2019.defocus_blur_5,stimulus_set,,S3,https://brainio-contrib.s3.amazonaws.com/image_dietterich_Hendrycks2019_defocus_blur_5.zip,0c39320d75f766250a6ccaad3d3e0b520b73fcbd,
dietterich.Hendrycks2019.glass_blur_5,stimulus_set,StimulusSet,S3,https://brainio-contrib.s3.amazonaws.com/image_dietterich_Hendrycks2019_glass_blur_5.csv,f7826faf1563a7092632fdce426031e27746e4dc,
dietterich.Hendrycks2019.glass_blur_5,stimulus_set,,S3,https://brainio-contrib.s3.amazonaws.com/image_dietterich_Hendrycks2019_glass_blur_5.zip,2c2a0f8e04e0a22501e04431fb0d8ec7d116b215,
dietterich.Hendrycks2019.motion_blur_5,stimulus_set,StimulusSet,S3,https://brainio-contrib.s3.amazonaws.com/image_dietterich_Hendrycks2019_motion_blur_5.csv,9d1123c05a6fa4708421fc3deb21ab36129d598d,
dietterich.Hendrycks2019.motion_blur_5,stimulus_set,,S3,https://brainio-contrib.s3.amazonaws.com/image_dietterich_Hendrycks2019_motion_blur_5.zip,2ccaadda5acc133ad42347e3eb59ca7479fc72df,
dietterich.Hendrycks2019.zoom_blur_5,stimulus_set,StimulusSet,S3,https://brainio-contrib.s3.amazonaws.com/image_dietterich_Hendrycks2019_zoom_blur_5.csv,98c7f206ad99fe8747d52eef6b00008cb58efc6d,
dietterich.Hendrycks2019.zoom_blur_5,stimulus_set,,S3,https://brainio-contrib.s3.amazonaws.com/image_dietterich_Hendrycks2019_zoom_blur_5.zip,50335dd7de8a9cb0dc3c503436298d955ed7cbb7,
dietterich.Hendrycks2019.snow_5,stimulus_set,StimulusSet,S3,https://brainio-contrib.s3.amazonaws.com/image_dietterich_Hendrycks2019_snow_5.csv,f7bccbaa4856c39aafef8ec91bc162297c9e47d3,
dietterich.Hendrycks2019.snow_5,stimulus_set,,S3,https://brainio-contrib.s3.amazonaws.com/image_dietterich_Hendrycks2019_snow_5.zip,41dfd38de338ecbfb7ba42a19655970c44787af0,
dietterich.Hendrycks2019.frost_5,stimulus_set,StimulusSet,S3,https://brainio-contrib.s3.amazonaws.com/image_dietterich_Hendrycks2019_frost_5.csv,397ff8552990b4c4dabfd53f5c37a196ac2a4618,
dietterich.Hendrycks2019.frost_5,stimulus_set,,S3,https://brainio-contrib.s3.amazonaws.com/image_dietterich_Hendrycks2019_frost_5.zip,dd4e258aa79a1b5996c009e29376277f8698cba3,
dietterich.Hendrycks2019.fog_5,stimulus_set,StimulusSet,S3,https://brainio-contrib.s3.amazonaws.com/image_dietterich_Hendrycks2019_fog_5.csv,26d72c6c6c77d3060b4cb6266b32db98b0b1ba92,
dietterich.Hendrycks2019.fog_5,stimulus_set,,S3,https://brainio-contrib.s3.amazonaws.com/image_dietterich_Hendrycks2019_fog_5.zip,1a0a34c77c58feef156e5afecee7275f0b2620b3,
dietterich.Hendrycks2019.brightness_5,stimulus_set,StimulusSet,S3,https://brainio-contrib.s3.amazonaws.com/image_dietterich_Hendrycks2019_brightness_5.csv,b670a130a7ad34ef4b420bf9ae12657e0b3e9c11,
dietterich.Hendrycks2019.brightness_5,stimulus_set,,S3,https://brainio-contrib.s3.amazonaws.com/image_dietterich_Hendrycks2019_brightness_5.zip,e520dd93d7535ebab7019b57263e66f442b49d66,
dietterich.Hendrycks2019.contrast_5,stimulus_set,StimulusSet,S3,https://brainio-contrib.s3.amazonaws.com/image_dietterich_Hendrycks2019_contrast_5.csv,21643a6982c9d5040c8fda44f26ec7a5d441d82a,
dietterich.Hendrycks2019.contrast_5,stimulus_set,,S3,https://brainio-contrib.s3.amazonaws.com/image_dietterich_Hendrycks2019_contrast_5.zip,0a954a3ab7677a5f82c4e03953209771ec5162ae,
dietterich.Hendrycks2019.elastic_transform_5,stimulus_set,StimulusSet,S3,https://brainio-contrib.s3.amazonaws.com/image_dietterich_Hendrycks2019_elastic_transform_5.csv,27640bb0166541349bbc0d22b62867f8988f376f,
dietterich.Hendrycks2019.elastic_transform_5,stimulus_set,,S3,https://brainio-contrib.s3.amazonaws.com/image_dietterich_Hendrycks2019_elastic_transform_5.zip,12c7c66bf1cc4c0938018b2b8de18a432dc4a667,
dietterich.Hendrycks2019.pixelate_5,stimulus_set,StimulusSet,S3,https://brainio-contrib.s3.amazonaws.com/image_dietterich_Hendrycks2019_pixelate_5.csv,da72f3a1cd67dd2f5674fce3772182e550663286,
dietterich.Hendrycks2019.pixelate_5,stimulus_set,,S3,https://brainio-contrib.s3.amazonaws.com/image_dietterich_Hendrycks2019_pixelate_5.zip,b53a812eabc2f9a135d310e04dd5b52a996054c0,
dietterich.Hendrycks2019.jpeg_compression_5,stimulus_set,StimulusSet,S3,https://brainio-contrib.s3.amazonaws.com/image_dietterich_Hendrycks2019_jpeg_compression_5.csv,9d996fab2e7f653b37e2c3055ca950acc247a65c,
dietterich.Hendrycks2019.jpeg_compression_5,stimulus_set,,S3,https://brainio-contrib.s3.amazonaws.com/image_dietterich_Hendrycks2019_jpeg_compression_5.zip,29286389a41acc14d75d7e7d2241e2d139b27c5b,
dicarlo.Rajalingham2020,stimulus_set,StimulusSet,S3,https://brainio.dicarlo.s3.amazonaws.com/image_dicarlo_Rajalingham2020.csv,9a9a6b3115d2d8ce5d54ec2522093d8a87ed13a0,
dicarlo.Rajalingham2020,stimulus_set,,S3,https://brainio.dicarlo.s3.amazonaws.com/image_dicarlo_Rajalingham2020.zip,6097086901032e20f8ae764e9cc06e0a891a3e18,
dicarlo.Rajalingham2020,assembly,NeuronRecordingAssembly,S3,https://brainio.dicarlo.s3.amazonaws.com/assy_dicarlo_Rajalingham2020.nc,ab95ae6c9907438f87b9b13b238244049f588680,dicarlo.Rajalingham2020
fei-fei.Deng2009,stimulus_set,StimulusSet,S3,https://brainio.contrib.s3.amazonaws.com/image_fei-fei_Deng2009.csv,ff79dcf6b0d115e6e8aa8d0fbba3af11dc649e57,
fei-fei.Deng2009,stimulus_set,,S3,https://brainio.contrib.s3.amazonaws.com/image_fei-fei_Deng2009.zip,78172d752d8216a00833cfa34be67c8532ad7330,
dicarlo.Seibert2019,assembly,NeuronRecordingAssembly,S3,https://brainio.dicarlo.s3.amazonaws.com/assy_dicarlo_Seibert2019.nc,eef41bb1f3d83c0e60ebf0e91511ce71ef5fee32,dicarlo.hvm
aru.Kuzovkin2018,stimulus_set,StimulusSet,S3,https://brainio.contrib.s3.amazonaws.com/image_aru_Kuzovkin2018.csv,a5990b24aea3e453756141cbe69a83304db72d0b,
aru.Kuzovkin2018,stimulus_set,,S3,https://brainio.contrib.s3.amazonaws.com/image_aru_Kuzovkin2018.zip,cca4d819d7743bdd4bf65c1cb2439fd0ec97543a,
aru.Kuzovkin2018,assembly,NeuronRecordingAssembly,S3,https://brainio.contrib.s3.amazonaws.com/assy_aru_Kuzovkin2018.nc,5fae8b283a043562ce9925d48ad99db151f39067,aru.Kuzovkin2018
dicarlo.Rust2012.single,assembly,NeuronRecordingAssembly,S3,https://brainio.dicarlo.s3.amazonaws.com/assy_dicarlo_Rust2012_single.nc,4ef420e70fbd0de3745df5be7c83dfc0a8f2e528,dicarlo.Rust2012
dicarlo.Rust2012.array,assembly,NeuronRecordingAssembly,S3,https://brainio.dicarlo.s3.amazonaws.com/assy_dicarlo_Rust2012_array.nc,6709b641751370acfccd9567e3d75b71865a71ab,dicarlo.Rust2012
dicarlo.BashivanKar2019.naturalistic,stimulus_set,StimulusSet,S3,https://brainio.dicarlo.s3.amazonaws.com/image_dicarlo_BashivanKar2019_naturalistic.csv,48ef84282552b8796142ffe7d0d2c632f8ef061a,
dicarlo.BashivanKar2019.naturalistic,stimulus_set,,S3,https://brainio.dicarlo.s3.amazonaws.com/image_dicarlo_BashivanKar2019_naturalistic.zip,d7b71b431cf23d435395205f1e38036a9e10acca,
dicarlo.BashivanKar2019.naturalistic,assembly,NeuronRecordingAssembly,S3,https://brainio.dicarlo.s3.amazonaws.com/assy_dicarlo_BashivanKar2019_naturalistic.nc,1ec2f32ef800f0c6e15879d883be1d55b51b8b67,dicarlo.BashivanKar2019.naturalistic
dicarlo.BashivanKar2019.synthetic,stimulus_set,StimulusSet,S3,https://brainio.dicarlo.s3.amazonaws.com/image_dicarlo_BashivanKar2019_synthetic.csv,81da195e9b2a128b228fc4867e23ae6b21bd7abd,
dicarlo.BashivanKar2019.synthetic,stimulus_set,,S3,https://brainio.dicarlo.s3.amazonaws.com/image_dicarlo_BashivanKar2019_synthetic.zip,e2de33f25c5c19bcfb400055c1db399d553487e5,
dicarlo.BashivanKar2019.synthetic,assembly,NeuronRecordingAssembly,S3,https://brainio.dicarlo.s3.amazonaws.com/assy_dicarlo_BashivanKar2019_synthetic.nc,f687c8d26f8943dc379dbcbe94d3feb148400c6b,dicarlo.BashivanKar2019.synthetic
aru.Cichy2019,stimulus_set,StimulusSet,S3,https://brainio.contrib.s3.amazonaws.com/image_aru_Cichy2019.csv,201e86eef69af9150621141063a5f2ad1225d18e,
aru.Cichy2019,stimulus_set,,S3,https://brainio.contrib.s3.amazonaws.com/image_aru_Cichy2019.zip,d2166dd9c2720cb24bc520f5041e6830779c0240,
aru.Cichy2019,assembly,DataAssembly,S3,https://brainio.contrib.s3.amazonaws.com/assy_aru_Cichy2019.nc,4cc809f45a170e903cc32c04584628e81717f2bf,aru.Cichy2019
dicarlo.ImageNetSlim15000,stimulus_set,StimulusSet,S3,https://brainio.requested.s3.amazonaws.com/image_dicarlo_ImageNetSlim15000.csv,56f79de36060147bc43ae89778e26d50f73c3a63,
dicarlo.ImageNetSlim15000,stimulus_set,,S3,https://brainio.requested.s3.amazonaws.com/image_dicarlo_ImageNetSlim15000.zip,633d08474e3067add834f4ddf552642c538db112,
dicarlo.Marques2020_blank,stimulus_set,StimulusSet,S3,https://brainio.dicarlo.s3.amazonaws.com/image_dicarlo_Marques2020_blank.csv,c02d44b0d3e157b29c6b96c5c5a478a8b37dc70b,
dicarlo.Marques2020_blank,stimulus_set,,S3,https://brainio.dicarlo.s3.amazonaws.com/image_dicarlo_Marques2020_blank.zip,5c4eef94691d6d63f8b1610918728b8531fc861e,
dicarlo.Marques2020_receptive_field,stimulus_set,StimulusSet,S3,https://brainio.dicarlo.s3.amazonaws.com/image_dicarlo_Marques2020_receptive_field.csv,e3681c69122b20ff3dd22486f546a26b3a97e057,
dicarlo.Marques2020_receptive_field,stimulus_set,,S3,https://brainio.dicarlo.s3.amazonaws.com/image_dicarlo_Marques2020_receptive_field.zip,fc21a9302bb0fca85350049ab740af80f2307ece,
dicarlo.Marques2020_orientation,stimulus_set,StimulusSet,S3,https://brainio.dicarlo.s3.amazonaws.com/image_dicarlo_Marques2020_orientation.csv,b316c6d9c6ddb58f8f21e79ae2b59b03933c0068,
dicarlo.Marques2020_orientation,stimulus_set,,S3,https://brainio.dicarlo.s3.amazonaws.com/image_dicarlo_Marques2020_orientation.zip,6a02466e221ac314da2db2969c89688dff64ab1b,
dicarlo.Marques2020_spatial_frequency,stimulus_set,StimulusSet,S3,https://brainio.dicarlo.s3.amazonaws.com/image_dicarlo_Marques2020_spatial_frequency.csv,31d0293c8aa1590f4680bb8a9446f56135b8d646,
dicarlo.Marques2020_spatial_frequency,stimulus_set,,S3,https://brainio.dicarlo.s3.amazonaws.com/image_dicarlo_Marques2020_spatial_frequency.zip,6fdeee4366514b9a0ff9c52e52c13762a62ceaab,
dicarlo.Marques2020_size,stimulus_set,StimulusSet,S3,https://brainio.dicarlo.s3.amazonaws.com/image_dicarlo_Marques2020_size.csv,0fd0aeea8fa6ff2b30ee9a6a684d4600590d631f,
dicarlo.Marques2020_size,stimulus_set,,S3,https://brainio.dicarlo.s3.amazonaws.com/image_dicarlo_Marques2020_size.zip,11122de2784218b7dd4cd0b557e62583ca7ee283,
movshon.FreemanZiemba2013_properties,stimulus_set,StimulusSet,S3,https://brainio.contrib.s3.amazonaws.com/image_movshon_FreemanZiemba2013_properties.csv,6f7bcb5d0c01e81c9fbdcec9bf586cbb579a9b02,
movshon.FreemanZiemba2013_properties,stimulus_set,,S3,https://brainio.contrib.s3.amazonaws.com/image_movshon_FreemanZiemba2013_properties.zip,c64a0d6b447676a6d5cff3d3625a5f294e62ff97,
movshon.Cavanaugh2002a,assembly,PropertyAssembly,S3,https://brainio.contrib.s3.amazonaws.com/assy_movshon_Cavanaugh2002a.nc,d4b24f4bbf8a14138a8e98391ab03796c2c05e7d,dicarlo.Marques2020_size
devalois.DeValois1982a,assembly,PropertyAssembly,S3,https://brainio.contrib.s3.amazonaws.com/assy_devalois_DeValois1982a.nc,8f4fd70e987c3c566b5b6c6bf15ef27637618b2c,dicarlo.Marques2020_orientation
devalois.DeValois1982b,assembly,PropertyAssembly,S3,https://brainio.contrib.s3.amazonaws.com/assy_devalois_DeValois1982b.nc,2717936345d223e4c9a9c69cbea3e1b317b30a91,dicarlo.Marques2020_spatial_frequency
movshon.FreemanZiemba2013_V1_properties,assembly,PropertyAssembly,S3,https://brainio.contrib.s3.amazonaws.com/assy_movshon_FreemanZiemba2013_V1_properties.nc,e665522d9a32e6cd6c3ebc61ff65fd3899c8d3e6,movshon.FreemanZiemba2013_properties
shapley.Ringach2002,assembly,PropertyAssembly,S3,https://brainio.contrib.s3.amazonaws.com/assy_shapley_Ringach2002.nc,0f3e19140bd9f930109879a38e574471d9576cf5,dicarlo.Marques2020_orientation
schiller.Schiller1976c,assembly,PropertyAssembly,S3,https://brainio.contrib.s3.amazonaws.com/assy_schiller_Schiller1976c.nc,58daa02ba2680e75dcb11b37eb6085c4afb6576e,dicarlo.Marques2020_spatial_frequency
